NÚMERO;DESCRIPCIÓN;SEDE;CIUDAD; PRECIO VENTA 
EKG-1;ELECTROCARDIOGRAMA;;ACACIAS;54.300
EKG-1;ELECTROCARDIOGRAMA;;AGUACHICA;43.700
EKG-1;ELECTROCARDIOGRAMA;;APARTADO;71.000
EKG-1;ELECTROCARDIOGRAMA;;ARAUCA;66.200
EKG-1;ELECTROCARDIOGRAMA;;ARMENIA;58.450
EKG-1;ELECTROCARDIOGRAMA;;BARRANCABERMEJA;40.200
EKG-1;ELECTROCARDIOGRAMA;;BARRANQUILLA II;47.100
EKG-1;ELECTROCARDIOGRAMA;;BUCARAMANGA 3;43.500
EKG-1;ELECTROCARDIOGRAMA;;BUENAVENTURA;144.000
EKG-1;ELECTROCARDIOGRAMA;;BUGA;64.350
EKG-1;ELECTROCARDIOGRAMA;;CAJICA;46.400
EKG-1;ELECTROCARDIOGRAMA;;CARTAGENA;47.100
EKG-1;ELECTROCARDIOGRAMA;;CARTAGO;86.900
EKG-1;ELECTROCARDIOGRAMA;;CAUCASIA;76.750
EKG-1;ELECTROCARDIOGRAMA;;CHIA;46.750
EKG-1;ELECTROCARDIOGRAMA;;CUCUTA;78.450
EKG-1;ELECTROCARDIOGRAMA;;DUITAMA;57.900
EKG-1;ELECTROCARDIOGRAMA;;ESPINAL;89.700
EKG-1;ELECTROCARDIOGRAMA;;FLORENCIA;50.250
EKG-1;ELECTROCARDIOGRAMA;;FUNZA II;46.650
EKG-1;ELECTROCARDIOGRAMA;;GIRARDOT;58.700
EKG-1;ELECTROCARDIOGRAMA;;IBAGUE;52.700
EKG-1;ELECTROCARDIOGRAMA;;IPIALES I;56.000
EKG-1;ELECTROCARDIOGRAMA;;LETICIA;43.100
EKG-1;ELECTROCARDIOGRAMA;;MADRID II;46.650
EKG-1;ELECTROCARDIOGRAMA;;MANIZALES 3;47.300
EKG-1;ELECTROCARDIOGRAMA;;MANIZALES 3;47.300
EKG-1;ELECTROCARDIOGRAMA;;MONTELIBANO;76.750
EKG-1;ELECTROCARDIOGRAMA;;MONTERIA;111.650
EKG-1;ELECTROCARDIOGRAMA;;MOSQUERA;65.200
EKG-1;ELECTROCARDIOGRAMA;;NEIVA;45.400
EKG-1;ELECTROCARDIOGRAMA;;OCAÑA;46.750
EKG-1;ELECTROCARDIOGRAMA;;PASTO;66.900
EKG-1;ELECTROCARDIOGRAMA;;PEREIRA;59.600
EKG-1;ELECTROCARDIOGRAMA;;PITALITO;41.700
EKG-1;ELECTROCARDIOGRAMA;;PLANETA RICA;78.350
EKG-1;ELECTROCARDIOGRAMA;;POPAYAN;71.050
EKG-1;ELECTROCARDIOGRAMA;;PUERTO ASIS;55.400
EKG-1;ELECTROCARDIOGRAMA;;PUERTO BERRIO;66.600
EKG-1;ELECTROCARDIOGRAMA;;QUIBDO;111.650
EKG-1;ELECTROCARDIOGRAMA;;RIOHACHA;71.550
EKG-1;ELECTROCARDIOGRAMA;;SAN GIL;48.250
EKG-1;ELECTROCARDIOGRAMA;;SANTA MARTA;36.400
EKG-1;ELECTROCARDIOGRAMA;;SANTAFE DE ANTIOQUIA;54.500
EKG-1;ELECTROCARDIOGRAMA;;SEGOVIA;91.400
EKG-1;ELECTROCARDIOGRAMA;;SINCELEJO;51.950
EKG-1;ELECTROCARDIOGRAMA;;SOACHA;49.300
EKG-1;ELECTROCARDIOGRAMA;;SOGAMOSO;78.400
EKG-1;ELECTROCARDIOGRAMA;;SOLEDAD;21.200
EKG-1;ELECTROCARDIOGRAMA;;TOCANCIPA;65.300
EKG-1;ELECTROCARDIOGRAMA;;TULUA;71.100
EKG-1;ELECTROCARDIOGRAMA;;TUNJA;60.000
EKG-1;ELECTROCARDIOGRAMA;;VALLEDUPAR;45.050
EKG-1;ELECTROCARDIOGRAMA;;VILLAVICENCIO;46.750
EKG-1;ELECTROCARDIOGRAMA;;YOPAL;69.300
FN-1;EXAMEN DE AUDIOMETRIA TONAL;;ACACIAS;30.550
FN-1;EXAMEN DE AUDIOMETRIA TONAL;;AGUACHICA;24.000
FN-1;EXAMEN DE AUDIOMETRIA TONAL;;APARTADO;46.800
FN-1;EXAMEN DE AUDIOMETRIA TONAL;;ARAUCA;39.350
FN-1;EXAMEN DE AUDIOMETRIA TONAL;;ARMENIA;43.600
FN-1;EXAMEN DE AUDIOMETRIA TONAL;;BARBOSA SANTANDER;40.750
FN-1;EXAMEN DE AUDIOMETRIA TONAL;;BARRANCABERMEJA;21.900
FN-1;EXAMEN DE AUDIOMETRIA TONAL;;BARRANQUILLA II;23.150
FN-1;EXAMEN DE AUDIOMETRIA TONAL;;BUCARAMANGA 3;22.400
FN-1;EXAMEN DE AUDIOMETRIA TONAL;;BUENAVENTURA;47.700
FN-1;EXAMEN DE AUDIOMETRIA TONAL;;BUGA;26.500
FN-1;EXAMEN DE AUDIOMETRIA TONAL;;CAJICA;29.400
FN-1;EXAMEN DE AUDIOMETRIA TONAL;;CARTAGENA;23.200
FN-1;EXAMEN DE AUDIOMETRIA TONAL;;CARTAGO;30.450
FN-1;EXAMEN DE AUDIOMETRIA TONAL;;CAUCASIA;37.650
FN-1;EXAMEN DE AUDIOMETRIA TONAL;;CHIA;34.450
FN-1;EXAMEN DE AUDIOMETRIA TONAL;;CUCUTA;30.400
FN-1;EXAMEN DE AUDIOMETRIA TONAL;;DUITAMA;26.650
FN-1;EXAMEN DE AUDIOMETRIA TONAL;;ESPINAL;35.950
FN-1;EXAMEN DE AUDIOMETRIA TONAL;;FLORENCIA;35.100
FN-1;EXAMEN DE AUDIOMETRIA TONAL;;FUNZA II;29.700
FN-1;EXAMEN DE AUDIOMETRIA TONAL;;GIRARDOT;32.000
FN-1;EXAMEN DE AUDIOMETRIA TONAL;;IBAGUE;29.150
FN-1;EXAMEN DE AUDIOMETRIA TONAL;;INIRIDA;113.150
FN-1;EXAMEN DE AUDIOMETRIA TONAL;;IPIALES I;32.450
FN-1;EXAMEN DE AUDIOMETRIA TONAL;;LETICIA;58.000
FN-1;EXAMEN DE AUDIOMETRIA TONAL;;LORICA;37.600
FN-1;EXAMEN DE AUDIOMETRIA TONAL;;MADRID II;29.700
FN-1;EXAMEN DE AUDIOMETRIA TONAL;;MANIZALES 3;23.250
FN-1;EXAMEN DE AUDIOMETRIA TONAL;;MITU;82.900
FN-1;EXAMEN DE AUDIOMETRIA TONAL;;MONTELIBANO;37.650
FN-1;EXAMEN DE AUDIOMETRIA TONAL;;MONTERIA;26.650
FN-1;EXAMEN DE AUDIOMETRIA TONAL;;MOSQUERA;34.400
FN-1;EXAMEN DE AUDIOMETRIA TONAL;;NEIVA;32.300
FN-1;EXAMEN DE AUDIOMETRIA TONAL;;OCAÑA;45.050
FN-1;EXAMEN DE AUDIOMETRIA TONAL;;PASTO;34.450
FN-1;EXAMEN DE AUDIOMETRIA TONAL;;PEREIRA;27.500
FN-1;EXAMEN DE AUDIOMETRIA TONAL;;PITALITO;31.950
FN-1;EXAMEN DE AUDIOMETRIA TONAL;;PLANETA RICA;40.200
FN-1;EXAMEN DE AUDIOMETRIA TONAL;;POPAYAN;35.300
FN-1;EXAMEN DE AUDIOMETRIA TONAL;;PUERTO ASIS;52.300
FN-1;EXAMEN DE AUDIOMETRIA TONAL;;PUERTO BERRIO;34.600
FN-1;EXAMEN DE AUDIOMETRIA TONAL;;PUERTO CARREÑO;77.300
FN-1;EXAMEN DE AUDIOMETRIA TONAL;;PUERTO GAITAN;22.400
FN-1;EXAMEN DE AUDIOMETRIA TONAL;;PUERTO TEJADA;37.600
FN-1;EXAMEN DE AUDIOMETRIA TONAL;;QUIBDO;62.300
FN-1;EXAMEN DE AUDIOMETRIA TONAL;;RIOHACHA;36.400
FN-1;EXAMEN DE AUDIOMETRIA TONAL;;SAN ANDRES- ISLA;46.000
FN-1;EXAMEN DE AUDIOMETRIA TONAL;;SAN GIL;27.200
FN-1;EXAMEN DE AUDIOMETRIA TONAL;;SAN JOSE DEL GUAVIARE;67.250
FN-1;EXAMEN DE AUDIOMETRIA TONAL;;SANTA MARTA;24.000
FN-1;EXAMEN DE AUDIOMETRIA TONAL;;SANTAFE DE ANTIOQUIA;48.800
FN-1;EXAMEN DE AUDIOMETRIA TONAL;;SEGOVIA;40.000
FN-1;EXAMEN DE AUDIOMETRIA TONAL;;SINCELEJO;37.950
FN-1;EXAMEN DE AUDIOMETRIA TONAL;;SOACHA;31.200
FN-1;EXAMEN DE AUDIOMETRIA TONAL;;SOGAMOSO;39.300
FN-1;EXAMEN DE AUDIOMETRIA TONAL;;SOLEDAD;17.500
FN-1;EXAMEN DE AUDIOMETRIA TONAL;;TOCANCIPA;31.100
FN-1;EXAMEN DE AUDIOMETRIA TONAL;;TULUA;32.800
FN-1;EXAMEN DE AUDIOMETRIA TONAL;;TUMACO;45.100
FN-1;EXAMEN DE AUDIOMETRIA TONAL;;TUNJA;26.700
FN-1;EXAMEN DE AUDIOMETRIA TONAL;;TURBO;30.350
FN-1;EXAMEN DE AUDIOMETRIA TONAL;;VALLEDUPAR;25.900
FN-1;EXAMEN DE AUDIOMETRIA TONAL;;VILLAVICENCIO;32.000
FN-1;EXAMEN DE AUDIOMETRIA TONAL;;YOPAL;28.900
FN-2;EXAMEN DE AUDIOMETRIA CLINICA;;ACACIAS;86.000
FN-2;EXAMEN DE AUDIOMETRIA CLINICA;;APARTADO;57.100
FN-2;EXAMEN DE AUDIOMETRIA CLINICA;;ARMENIA;59.600
FN-2;EXAMEN DE AUDIOMETRIA CLINICA;;BARRANCABERMEJA;40.300
FN-2;EXAMEN DE AUDIOMETRIA CLINICA;;BARRANQUILLA II;32.350
FN-2;EXAMEN DE AUDIOMETRIA CLINICA;;BUCARAMANGA 3;38.600
FN-2;EXAMEN DE AUDIOMETRIA CLINICA;;BUGA;38.400
FN-2;EXAMEN DE AUDIOMETRIA CLINICA;;CARTAGENA;33.700
FN-2;EXAMEN DE AUDIOMETRIA CLINICA;;CARTAGO;117.300
FN-2;EXAMEN DE AUDIOMETRIA CLINICA;;CAUCASIA;67.100
FN-2;EXAMEN DE AUDIOMETRIA CLINICA;;CHIA;99.200
FN-2;EXAMEN DE AUDIOMETRIA CLINICA;;CUCUTA;59.400
FN-2;EXAMEN DE AUDIOMETRIA CLINICA;;DUITAMA;26.400
FN-2;EXAMEN DE AUDIOMETRIA CLINICA;;FLORENCIA;36.700
FN-2;EXAMEN DE AUDIOMETRIA CLINICA;;IBAGUE;37.950
FN-2;EXAMEN DE AUDIOMETRIA CLINICA;;IPIALES I;51.650
FN-2;EXAMEN DE AUDIOMETRIA CLINICA;;MANIZALES 3;37.750
FN-2;EXAMEN DE AUDIOMETRIA CLINICA;;MONTELIBANO;67.100
FN-2;EXAMEN DE AUDIOMETRIA CLINICA;;MONTERIA;49.100
FN-2;EXAMEN DE AUDIOMETRIA CLINICA;;MOSQUERA;48.300
FN-2;EXAMEN DE AUDIOMETRIA CLINICA;;NEIVA;74.750
FN-2;EXAMEN DE AUDIOMETRIA CLINICA;;PASTO;34.450
FN-2;EXAMEN DE AUDIOMETRIA CLINICA;;PEREIRA;57.250
FN-2;EXAMEN DE AUDIOMETRIA CLINICA;;PITALITO;93.300
FN-2;EXAMEN DE AUDIOMETRIA CLINICA;;POPAYAN;48.350
FN-2;EXAMEN DE AUDIOMETRIA CLINICA;;QUIBDO;96.000
FN-2;EXAMEN DE AUDIOMETRIA CLINICA;;RIOHACHA;60.450
FN-2;EXAMEN DE AUDIOMETRIA CLINICA;;SANTA MARTA;43.800
FN-2;EXAMEN DE AUDIOMETRIA CLINICA;;SINCELEJO;41.450
FN-2;EXAMEN DE AUDIOMETRIA CLINICA;;SOACHA;49.300
FN-2;EXAMEN DE AUDIOMETRIA CLINICA;;TULUA;51.750
FN-2;EXAMEN DE AUDIOMETRIA CLINICA;;VALLEDUPAR;43.500
FN-2;EXAMEN DE AUDIOMETRIA CLINICA;;VILLAVICENCIO;64.250
FN-3;EVALUACION DE LA VOZ;;ACACIAS;41.450
FN-3;EVALUACION DE LA VOZ;;APARTADO;68.900
FN-3;EVALUACION DE LA VOZ;;ARMENIA;63.200
FN-3;EVALUACION DE LA VOZ;;BARRANCABERMEJA;26.100
FN-3;EVALUACION DE LA VOZ;;BARRANQUILLA II;34.700
FN-3;EVALUACION DE LA VOZ;;BUCARAMANGA 3;30.700
FN-3;EVALUACION DE LA VOZ;;BUENAVENTURA;111.000
FN-3;EVALUACION DE LA VOZ;;BUGA;39.100
FN-3;EVALUACION DE LA VOZ;;CAJICA;42.200
FN-3;EVALUACION DE LA VOZ;;CARTAGENA;33.600
FN-3;EVALUACION DE LA VOZ;;CARTAGO;116.000
FN-3;EVALUACION DE LA VOZ;;CAUCASIA;88.650
FN-3;EVALUACION DE LA VOZ;;CHIA;40.200
FN-3;EVALUACION DE LA VOZ;;CUCUTA;29.500
FN-3;EVALUACION DE LA VOZ;;DUITAMA;46.000
FN-3;EVALUACION DE LA VOZ;;FLORENCIA;149.400
FN-3;EVALUACION DE LA VOZ;;IBAGUE;32.150
FN-3;EVALUACION DE LA VOZ;;IPIALES I;33.300
FN-3;EVALUACION DE LA VOZ;;MADRID II;64.000
FN-3;EVALUACION DE LA VOZ;;MANIZALES 3;43.500
FN-3;EVALUACION DE LA VOZ;;MONTELIBANO;88.650
FN-3;EVALUACION DE LA VOZ;;MONTERIA;49.950
FN-3;EVALUACION DE LA VOZ;;MOSQUERA;50.800
FN-3;EVALUACION DE LA VOZ;;NEIVA;53.500
FN-3;EVALUACION DE LA VOZ;;OCAÑA;52.200
FN-3;EVALUACION DE LA VOZ;;PASTO;55.550
FN-3;EVALUACION DE LA VOZ;;PEREIRA;45.000
FN-3;EVALUACION DE LA VOZ;;PITALITO;45.300
FN-3;EVALUACION DE LA VOZ;;POPAYAN;63.000
FN-3;EVALUACION DE LA VOZ;;PUERTO BERRIO;54.900
FN-3;EVALUACION DE LA VOZ;;PUERTO TEJADA;66.000
FN-3;EVALUACION DE LA VOZ;;RIOHACHA;60.450
FN-3;EVALUACION DE LA VOZ;;SAN ANDRES- ISLA;88.000
FN-3;EVALUACION DE LA VOZ;;SAN GIL;52.200
FN-3;EVALUACION DE LA VOZ;;SAN JOSE DEL GUAVIARE;67.250
FN-3;EVALUACION DE LA VOZ;;SANTA MARTA;30.750
FN-3;EVALUACION DE LA VOZ;;SINCELEJO;32.650
FN-3;EVALUACION DE LA VOZ;;SOACHA;43.900
FN-3;EVALUACION DE LA VOZ;;SOLEDAD;46.000
FN-3;EVALUACION DE LA VOZ;;TOCANCIPA;34.050
FN-3;EVALUACION DE LA VOZ;;TULUA;36.050
FN-3;EVALUACION DE LA VOZ;;VALLEDUPAR;58.950
FN-3;EVALUACION DE LA VOZ;;VILLAVICENCIO;37.000
FS-1;EXAMEN OSTEOMUSCULAR POR FISIOTERAPEUTA;;SOGAMOSO;51.200
LAB-1;HEMOCLASIFICACION;;ACACIAS;33.000
LAB-1;HEMOCLASIFICACION;;AGUACHICA;21.600
LAB-1;HEMOCLASIFICACION;;APARTADO;42.300
LAB-1;HEMOCLASIFICACION;;ARAUCA;23.100
LAB-1;HEMOCLASIFICACION;;ARMENIA;27.600
LAB-1;HEMOCLASIFICACION;;BARBOSA SANTANDER;31.200
LAB-1;HEMOCLASIFICACION;;BARRANCABERMEJA;17.000
LAB-1;HEMOCLASIFICACION;;BARRANQUILLA II;19.200
LAB-1;HEMOCLASIFICACION;;BUCARAMANGA 3;24.000
LAB-1;HEMOCLASIFICACION;;BUENAVENTURA;48.800
LAB-1;HEMOCLASIFICACION;;BUGA;20.500
LAB-1;HEMOCLASIFICACION;;CAJICA;18.100
LAB-1;HEMOCLASIFICACION;;CARTAGENA;19.400
LAB-1;HEMOCLASIFICACION;;CARTAGO;35.950
LAB-1;HEMOCLASIFICACION;;CAUCASIA;14.900
LAB-1;HEMOCLASIFICACION;;CHIA;19.700
LAB-1;HEMOCLASIFICACION;;CUCUTA;20.100
LAB-1;HEMOCLASIFICACION;;DUITAMA;19.200
LAB-1;HEMOCLASIFICACION;;ESPINAL;28.900
LAB-1;HEMOCLASIFICACION;;FLORENCIA;31.600
LAB-1;HEMOCLASIFICACION;;FUNZA II;16.200
LAB-1;HEMOCLASIFICACION;;GIRARDOT;33.300
LAB-1;HEMOCLASIFICACION;;IBAGUE;25.550
LAB-1;HEMOCLASIFICACION;;INIRIDA;48.300
LAB-1;HEMOCLASIFICACION;;IPIALES I;24.600
LAB-1;HEMOCLASIFICACION;;LETICIA;43.100
LAB-1;HEMOCLASIFICACION;;LORICA;38.700
LAB-1;HEMOCLASIFICACION;;MADRID II;16.000
LAB-1;HEMOCLASIFICACION;;MANIZALES 3;19.650
LAB-1;HEMOCLASIFICACION;;MITU;86.000
LAB-1;HEMOCLASIFICACION;;MONTELIBANO;14.900
LAB-1;HEMOCLASIFICACION;;MONTERIA;21.200
LAB-1;HEMOCLASIFICACION;;MOSQUERA;21.100
LAB-1;HEMOCLASIFICACION;;NEIVA;35.950
LAB-1;HEMOCLASIFICACION;;OCAÑA;41.900
LAB-1;HEMOCLASIFICACION;;PASTO;19.100
LAB-1;HEMOCLASIFICACION;;PEREIRA;22.300
LAB-1;HEMOCLASIFICACION;;PITALITO;21.500
LAB-1;HEMOCLASIFICACION;;PLANETA RICA;14.900
LAB-1;HEMOCLASIFICACION;;POPAYAN;20.600
LAB-1;HEMOCLASIFICACION;;PUERTO ASIS;50.700
LAB-1;HEMOCLASIFICACION;;PUERTO BERRIO;25.200
LAB-1;HEMOCLASIFICACION;;PUERTO CARREÑO;70.700
LAB-1;HEMOCLASIFICACION;;PUERTO GAITAN;19.100
LAB-1;HEMOCLASIFICACION;;PUERTO TEJADA;53.550
LAB-1;HEMOCLASIFICACION;;QUIBDO;40.000
LAB-1;HEMOCLASIFICACION;;RIOHACHA;19.700
LAB-1;HEMOCLASIFICACION;;SAN ANDRES- ISLA;33.700
LAB-1;HEMOCLASIFICACION;;SAN GIL;35.950
LAB-1;HEMOCLASIFICACION;;SAN JOSE DEL GUAVIARE;24.950
LAB-1;HEMOCLASIFICACION;;SANTA MARTA;26.400
LAB-1;HEMOCLASIFICACION;;SINCELEJO;32.650
LAB-1;HEMOCLASIFICACION;;SOACHA;21.500
LAB-1;HEMOCLASIFICACION;;SOGAMOSO;28.000
LAB-1;HEMOCLASIFICACION;;SOLEDAD;17.500
LAB-1;HEMOCLASIFICACION;;TOCANCIPA;24.700
LAB-1;HEMOCLASIFICACION;;TULUA;20.500
LAB-1;HEMOCLASIFICACION;;TUMACO;35.100
LAB-1;HEMOCLASIFICACION;;TURBO;27.700
LAB-1;HEMOCLASIFICACION;;VALLEDUPAR;20.200
LAB-1;HEMOCLASIFICACION;;VILLAGARZON;41.400
LAB-1;HEMOCLASIFICACION;;VILLAVICENCIO;20.400
LAB-1;HEMOCLASIFICACION;;YOPAL;22.200
LAB-103;TP;;BUCARAMANGA 3;24.000
LAB-103;TP;;CAUCASIA;25.300
LAB-103;TP;;CHIA;39.000
LAB-103;TP;;MOSQUERA;25.600
LAB-103;TP;;PEREIRA;50.000
LAB-103;TP;;PUERTO TEJADA;26.100
LAB-11;PRUEBA MULTIDROGAS CINCO SUSTANCIAS;;ACACIAS;101.600
LAB-11;PRUEBA MULTIDROGAS CINCO SUSTANCIAS;;AGUACHICA;166.200
LAB-11;PRUEBA MULTIDROGAS CINCO SUSTANCIAS;;APARTADO;133.700
LAB-11;PRUEBA MULTIDROGAS CINCO SUSTANCIAS;;ARAUCA;75.900
LAB-11;PRUEBA MULTIDROGAS CINCO SUSTANCIAS;;ARMENIA;61.300
LAB-11;PRUEBA MULTIDROGAS CINCO SUSTANCIAS;;BARRANCABERMEJA;75.900
LAB-11;PRUEBA MULTIDROGAS CINCO SUSTANCIAS;;BARRANQUILLA II;64.000
LAB-11;PRUEBA MULTIDROGAS CINCO SUSTANCIAS;;BUCARAMANGA 3;51.650
LAB-11;PRUEBA MULTIDROGAS CINCO SUSTANCIAS;;BUENAVENTURA;186.700
LAB-11;PRUEBA MULTIDROGAS CINCO SUSTANCIAS;;BUGA;59.600
LAB-11;PRUEBA MULTIDROGAS CINCO SUSTANCIAS;;CAJICA;87.400
LAB-11;PRUEBA MULTIDROGAS CINCO SUSTANCIAS;;CARTAGENA;66.500
LAB-11;PRUEBA MULTIDROGAS CINCO SUSTANCIAS;;CARTAGO;77.400
LAB-11;PRUEBA MULTIDROGAS CINCO SUSTANCIAS;;CAUCASIA;65.850
LAB-11;PRUEBA MULTIDROGAS CINCO SUSTANCIAS;;CHIA;92.400
LAB-11;PRUEBA MULTIDROGAS CINCO SUSTANCIAS;;CUCUTA;70.700
LAB-11;PRUEBA MULTIDROGAS CINCO SUSTANCIAS;;DUITAMA;77.200
LAB-11;PRUEBA MULTIDROGAS CINCO SUSTANCIAS;;ESPINAL;47.100
LAB-11;PRUEBA MULTIDROGAS CINCO SUSTANCIAS;;FLORENCIA;87.300
LAB-11;PRUEBA MULTIDROGAS CINCO SUSTANCIAS;;FUNZA II;72.100
LAB-11;PRUEBA MULTIDROGAS CINCO SUSTANCIAS;;GIRARDOT;145.300
LAB-11;PRUEBA MULTIDROGAS CINCO SUSTANCIAS;;IBAGUE;100.300
LAB-11;PRUEBA MULTIDROGAS CINCO SUSTANCIAS;;INIRIDA;200.200
LAB-11;PRUEBA MULTIDROGAS CINCO SUSTANCIAS;;IPIALES I;77.200
LAB-11;PRUEBA MULTIDROGAS CINCO SUSTANCIAS;;LETICIA;137.300
LAB-11;PRUEBA MULTIDROGAS CINCO SUSTANCIAS;;MADRID II;72.100
LAB-11;PRUEBA MULTIDROGAS CINCO SUSTANCIAS;;MANIZALES 3;52.300
LAB-11;PRUEBA MULTIDROGAS CINCO SUSTANCIAS;;MONTELIBANO;65.850
LAB-11;PRUEBA MULTIDROGAS CINCO SUSTANCIAS;;MONTERIA;122.450
LAB-11;PRUEBA MULTIDROGAS CINCO SUSTANCIAS;;MOSQUERA;67.850
LAB-11;PRUEBA MULTIDROGAS CINCO SUSTANCIAS;;NEIVA;184.000
LAB-11;PRUEBA MULTIDROGAS CINCO SUSTANCIAS;;OCAÑA;108.450
LAB-11;PRUEBA MULTIDROGAS CINCO SUSTANCIAS;;PASTO;51.650
LAB-11;PRUEBA MULTIDROGAS CINCO SUSTANCIAS;;PEREIRA;51.700
LAB-11;PRUEBA MULTIDROGAS CINCO SUSTANCIAS;;PITALITO;110.800
LAB-11;PRUEBA MULTIDROGAS CINCO SUSTANCIAS;;PLANETA RICA;67.750
LAB-11;PRUEBA MULTIDROGAS CINCO SUSTANCIAS;;POPAYAN;100.300
LAB-11;PRUEBA MULTIDROGAS CINCO SUSTANCIAS;;PUERTO ASIS;77.600
LAB-11;PRUEBA MULTIDROGAS CINCO SUSTANCIAS;;PUERTO BERRIO;110.700
LAB-11;PRUEBA MULTIDROGAS CINCO SUSTANCIAS;;PUERTO GAITAN;40.200
LAB-11;PRUEBA MULTIDROGAS CINCO SUSTANCIAS;;PUERTO TEJADA;90.700
LAB-11;PRUEBA MULTIDROGAS CINCO SUSTANCIAS;;QUIBDO;177.050
LAB-11;PRUEBA MULTIDROGAS CINCO SUSTANCIAS;;RIOHACHA;108.450
LAB-11;PRUEBA MULTIDROGAS CINCO SUSTANCIAS;;SAN GIL;88.000
LAB-11;PRUEBA MULTIDROGAS CINCO SUSTANCIAS;;SAN JOSE DEL GUAVIARE;135.400
LAB-11;PRUEBA MULTIDROGAS CINCO SUSTANCIAS;;SANTA MARTA;56.400
LAB-11;PRUEBA MULTIDROGAS CINCO SUSTANCIAS;;SINCELEJO;141.650
LAB-11;PRUEBA MULTIDROGAS CINCO SUSTANCIAS;;SOACHA;85.600
LAB-11;PRUEBA MULTIDROGAS CINCO SUSTANCIAS;;SOGAMOSO;90.700
LAB-11;PRUEBA MULTIDROGAS CINCO SUSTANCIAS;;TOCANCIPA;83.600
LAB-11;PRUEBA MULTIDROGAS CINCO SUSTANCIAS;;TULUA;66.800
LAB-11;PRUEBA MULTIDROGAS CINCO SUSTANCIAS;;TUNJA;88.000
LAB-11;PRUEBA MULTIDROGAS CINCO SUSTANCIAS;;VALLEDUPAR;92.250
LAB-11;PRUEBA MULTIDROGAS CINCO SUSTANCIAS;;VILLAVICENCIO;100.300
LAB-11;PRUEBA MULTIDROGAS CINCO SUSTANCIAS;;YOPAL;64.150
LAB-118;PIE CUANTITATIVA BETA;;MOSQUERA;116.700
LAB-12;CREATININA;;ACACIAS;19.600
LAB-12;CREATININA;;AGUACHICA;19.900
LAB-12;CREATININA;;APARTADO;23.900
LAB-12;CREATININA;;ARAUCA;22.600
LAB-12;CREATININA;;ARMENIA;21.300
LAB-12;CREATININA;;BARRANCABERMEJA;14.400
LAB-12;CREATININA;;BARRANQUILLA II;16.550
LAB-12;CREATININA;;BUCARAMANGA 3;14.250
LAB-12;CREATININA;;BUENAVENTURA;33.900
LAB-12;CREATININA;;BUGA;16.900
LAB-12;CREATININA;;CAJICA;16.700
LAB-12;CREATININA;;CARTAGENA;18.200
LAB-12;CREATININA;;CARTAGO;62.650
LAB-12;CREATININA;;CHIA;18.700
LAB-12;CREATININA;;CUCUTA;18.800
LAB-12;CREATININA;;DUITAMA;20.000
LAB-12;CREATININA;;FLORENCIA;19.600
LAB-12;CREATININA;;FUNZA II;19.850
LAB-12;CREATININA;;IBAGUE;16.900
LAB-12;CREATININA;;MADRID II;19.850
LAB-12;CREATININA;;MANIZALES 3;18.550
LAB-12;CREATININA;;MONTERIA;24.600
LAB-12;CREATININA;;MOSQUERA;20.100
LAB-12;CREATININA;;NEIVA;16.650
LAB-12;CREATININA;;OCAÑA;27.250
LAB-12;CREATININA;;PASTO;15.800
LAB-12;CREATININA;;PEREIRA;19.500
LAB-12;CREATININA;;POPAYAN;20.100
LAB-12;CREATININA;;PUERTO BERRIO;26.300
LAB-12;CREATININA;;PUERTO GAITAN;17.500
LAB-12;CREATININA;;PUERTO TEJADA;25.600
LAB-12;CREATININA;;RIOHACHA;24.800
LAB-12;CREATININA;;SAN ANDRES- ISLA;28.800
LAB-12;CREATININA;;SAN GIL;17.500
LAB-12;CREATININA;;SANTA MARTA;15.900
LAB-12;CREATININA;;SINCELEJO;25.450
LAB-12;CREATININA;;SOACHA;22.400
LAB-12;CREATININA;;SOGAMOSO;21.200
LAB-12;CREATININA;;SOLEDAD;12.400
LAB-12;CREATININA;;TULUA;17.950
LAB-12;CREATININA;;TUMACO;31.900
LAB-12;CREATININA;;TUNJA;20.800
LAB-12;CREATININA;;VALLEDUPAR;16.900
LAB-12;CREATININA;;VILLAVICENCIO;20.400
LAB-12;CREATININA;;YOPAL;26.500
LAB-125;TPT;;BUCARAMANGA 3;24.000
LAB-125;TPT;;CAUCASIA;25.300
LAB-125;TPT;;CHIA;39.000
LAB-125;TPT;;IBAGUE;25.700
LAB-125;TPT;;MOSQUERA;25.600
LAB-125;TPT;;PEREIRA;61.300
LAB-125;TPT;;PUERTO TEJADA;26.100
LAB-13;PRUEBA DE ALCOHOL EN ALIENTO;;ACACIAS;24.000
LAB-13;PRUEBA DE ALCOHOL EN ALIENTO;;AGUACHICA;51.500
LAB-13;PRUEBA DE ALCOHOL EN ALIENTO;;APARTADO;53.100
LAB-13;PRUEBA DE ALCOHOL EN ALIENTO;;ARAUCA;46.000
LAB-13;PRUEBA DE ALCOHOL EN ALIENTO;;ARMENIA;34.900
LAB-13;PRUEBA DE ALCOHOL EN ALIENTO;;BARRANCABERMEJA;33.400
LAB-13;PRUEBA DE ALCOHOL EN ALIENTO;;BARRANQUILLA II;27.800
LAB-13;PRUEBA DE ALCOHOL EN ALIENTO;;BUCARAMANGA 3;28.000
LAB-13;PRUEBA DE ALCOHOL EN ALIENTO;;BUENAVENTURA;73.700
LAB-13;PRUEBA DE ALCOHOL EN ALIENTO;;BUGA;48.300
LAB-13;PRUEBA DE ALCOHOL EN ALIENTO;;CHIA;36.600
LAB-13;PRUEBA DE ALCOHOL EN ALIENTO;;CUCUTA;37.600
LAB-13;PRUEBA DE ALCOHOL EN ALIENTO;;DUITAMA;44.000
LAB-13;PRUEBA DE ALCOHOL EN ALIENTO;;FLORENCIA;78.700
LAB-13;PRUEBA DE ALCOHOL EN ALIENTO;;IBAGUE;37.200
LAB-13;PRUEBA DE ALCOHOL EN ALIENTO;;IPIALES I;57.300
LAB-13;PRUEBA DE ALCOHOL EN ALIENTO;;MANIZALES 3;28.350
LAB-13;PRUEBA DE ALCOHOL EN ALIENTO;;MONTELIBANO;22.050
LAB-13;PRUEBA DE ALCOHOL EN ALIENTO;;MONTERIA;34.900
LAB-13;PRUEBA DE ALCOHOL EN ALIENTO;;MOSQUERA;45.500
LAB-13;PRUEBA DE ALCOHOL EN ALIENTO;;NEIVA;81.750
LAB-13;PRUEBA DE ALCOHOL EN ALIENTO;;PASTO;28.350
LAB-13;PRUEBA DE ALCOHOL EN ALIENTO;;PEREIRA;50.300
LAB-13;PRUEBA DE ALCOHOL EN ALIENTO;;PLANETA RICA;22.200
LAB-13;PRUEBA DE ALCOHOL EN ALIENTO;;POPAYAN;40.200
LAB-13;PRUEBA DE ALCOHOL EN ALIENTO;;PUERTO GAITAN;62.350
LAB-13;PRUEBA DE ALCOHOL EN ALIENTO;;PUERTO TEJADA;43.200
LAB-13;PRUEBA DE ALCOHOL EN ALIENTO;;RIOHACHA;39.700
LAB-13;PRUEBA DE ALCOHOL EN ALIENTO;;SAN GIL;45.200
LAB-13;PRUEBA DE ALCOHOL EN ALIENTO;;SANTA MARTA;22.100
LAB-13;PRUEBA DE ALCOHOL EN ALIENTO;;SINCELEJO;34.900
LAB-13;PRUEBA DE ALCOHOL EN ALIENTO;;SOACHA;58.300
LAB-13;PRUEBA DE ALCOHOL EN ALIENTO;;TULUA;28.800
LAB-13;PRUEBA DE ALCOHOL EN ALIENTO;;VALLEDUPAR;64.250
LAB-13;PRUEBA DE ALCOHOL EN ALIENTO;;VILLAVICENCIO;46.000
LAB-13;PRUEBA DE ALCOHOL EN ALIENTO;;YOPAL;57.300
LAB-14;PARCIAL DE ORINA;;ACACIAS;19.100
LAB-14;PARCIAL DE ORINA;;AGUACHICA;22.700
LAB-14;PARCIAL DE ORINA;;APARTADO;34.800
LAB-14;PARCIAL DE ORINA;;ARAUCA;22.600
LAB-14;PARCIAL DE ORINA;;ARMENIA;19.200
LAB-14;PARCIAL DE ORINA;;BARRANCABERMEJA;14.200
LAB-14;PARCIAL DE ORINA;;BARRANQUILLA II;15.396
LAB-14;PARCIAL DE ORINA;;BUCARAMANGA 3;15.800
LAB-14;PARCIAL DE ORINA;;BUENAVENTURA;36.000
LAB-14;PARCIAL DE ORINA;;BUGA;16.000
LAB-14;PARCIAL DE ORINA;;CAJICA;18.100
LAB-14;PARCIAL DE ORINA;;CARTAGENA;15.400
LAB-14;PARCIAL DE ORINA;;CAUCASIA;29.050
LAB-14;PARCIAL DE ORINA;;CHIA;18.700
LAB-14;PARCIAL DE ORINA;;CUCUTA;15.900
LAB-14;PARCIAL DE ORINA;;DUITAMA;16.000
LAB-14;PARCIAL DE ORINA;;ESPINAL;25.000
LAB-14;PARCIAL DE ORINA;;FUNZA II;17.000
LAB-14;PARCIAL DE ORINA;;IBAGUE;19.550
LAB-14;PARCIAL DE ORINA;;MADRID II;17.000
LAB-14;PARCIAL DE ORINA;;MANIZALES 3;15.500
LAB-14;PARCIAL DE ORINA;;MONTELIBANO;29.050
LAB-14;PARCIAL DE ORINA;;MONTERIA;19.650
LAB-14;PARCIAL DE ORINA;;MOSQUERA;20.000
LAB-14;PARCIAL DE ORINA;;NEIVA;17.600
LAB-14;PARCIAL DE ORINA;;OCAÑA;22.400
LAB-14;PARCIAL DE ORINA;;PASTO;15.200
LAB-14;PARCIAL DE ORINA;;PEREIRA;16.100
LAB-14;PARCIAL DE ORINA;;POPAYAN;18.600
LAB-14;PARCIAL DE ORINA;;PUERTO BERRIO;26.300
LAB-14;PARCIAL DE ORINA;;PUERTO GAITAN;13.200
LAB-14;PARCIAL DE ORINA;;RIOHACHA;29.200
LAB-14;PARCIAL DE ORINA;;SANTA MARTA;15.200
LAB-14;PARCIAL DE ORINA;;SEGOVIA;30.450
LAB-14;PARCIAL DE ORINA;;SINCELEJO;23.850
LAB-14;PARCIAL DE ORINA;;SOACHA;22.400
LAB-14;PARCIAL DE ORINA;;SOGAMOSO;22.100
LAB-14;PARCIAL DE ORINA;;SOLEDAD;15.700
LAB-14;PARCIAL DE ORINA;;TULUA;18.700
LAB-14;PARCIAL DE ORINA;;TUNJA;19.600
LAB-14;PARCIAL DE ORINA;;VALLEDUPAR;17.600
LAB-14;PARCIAL DE ORINA;;VILLAVICENCIO;22.050
LAB-14;PARCIAL DE ORINA;;YOPAL;25.000
LAB-15;ALT(GPT);;ACACIAS;19.600
LAB-15;ALT(GPT);;AGUACHICA;21.600
LAB-15;ALT(GPT);;APARTADO;25.500
LAB-15;ALT(GPT);;ARAUCA;26.500
LAB-15;ALT(GPT);;ARMENIA;31.300
LAB-15;ALT(GPT);;BARRANCABERMEJA;15.800
LAB-15;ALT(GPT);;BARRANQUILLA II;17.000
LAB-15;ALT(GPT);;BUCARAMANGA 3;22.400
LAB-15;ALT(GPT);;BUENAVENTURA;40.300
LAB-15;ALT(GPT);;BUGA;20.300
LAB-15;ALT(GPT);;CAJICA;29.400
LAB-15;ALT(GPT);;CARTAGENA;17.200
LAB-15;ALT(GPT);;CARTAGO;24.950
LAB-15;ALT(GPT);;CAUCASIA;38.200
LAB-15;ALT(GPT);;CHIA;41.450
LAB-15;ALT(GPT);;CUCUTA;19.300
LAB-15;ALT(GPT);;DUITAMA;22.200
LAB-15;ALT(GPT);;ESPINAL;18.200
LAB-15;ALT(GPT);;FLORENCIA;17.400
LAB-15;ALT(GPT);;FUNZA II;28.000
LAB-15;ALT(GPT);;IBAGUE;26.300
LAB-15;ALT(GPT);;MADRID II;28.000
LAB-15;ALT(GPT);;MANIZALES 3;17.900
LAB-15;ALT(GPT);;MONTERIA;24.600
LAB-15;ALT(GPT);;MOSQUERA;21.100
LAB-15;ALT(GPT);;NEIVA;22.600
LAB-15;ALT(GPT);;OCAÑA;34.200
LAB-15;ALT(GPT);;PASTO;19.100
LAB-15;ALT(GPT);;PEREIRA;19.600
LAB-15;ALT(GPT);;POPAYAN;27.600
LAB-15;ALT(GPT);;PUERTO ASIS;29.300
LAB-15;ALT(GPT);;PUERTO GAITAN;16.000
LAB-15;ALT(GPT);;PUERTO TEJADA;31.300
LAB-15;ALT(GPT);;RIOHACHA;33.100
LAB-15;ALT(GPT);;SAN ANDRES- ISLA;24.700
LAB-15;ALT(GPT);;SANTA MARTA;18.550
LAB-15;ALT(GPT);;SINCELEJO;33.000
LAB-15;ALT(GPT);;SOACHA;25.800
LAB-15;ALT(GPT);;SOGAMOSO;32.100
LAB-15;ALT(GPT);;SOLEDAD;15.700
LAB-15;ALT(GPT);;TULUA;19.700
LAB-15;ALT(GPT);;TUMACO;46.600
LAB-15;ALT(GPT);;VALLEDUPAR;23.850
LAB-15;ALT(GPT);;VILLAVICENCIO;22.050
LAB-15;ALT(GPT);;YOPAL;28.550
LAB-16;AST(GOT);;ACACIAS;19.600
LAB-16;AST(GOT);;AGUACHICA;21.600
LAB-16;AST(GOT);;APARTADO;25.500
LAB-16;AST(GOT);;ARAUCA;26.500
LAB-16;AST(GOT);;ARMENIA;31.300
LAB-16;AST(GOT);;BARRANCABERMEJA;15.800
LAB-16;AST(GOT);;BARRANQUILLA II;17.000
LAB-16;AST(GOT);;BUCARAMANGA 3;22.400
LAB-16;AST(GOT);;BUENAVENTURA;40.300
LAB-16;AST(GOT);;BUGA;20.300
LAB-16;AST(GOT);;CAJICA;29.400
LAB-16;AST(GOT);;CARTAGENA;17.200
LAB-16;AST(GOT);;CARTAGO;24.950
LAB-16;AST(GOT);;CAUCASIA;38.200
LAB-16;AST(GOT);;CHIA;41.450
LAB-16;AST(GOT);;CUCUTA;19.300
LAB-16;AST(GOT);;DUITAMA;22.200
LAB-16;AST(GOT);;ESPINAL;18.200
LAB-16;AST(GOT);;FLORENCIA;17.400
LAB-16;AST(GOT);;FUNZA II;28.000
LAB-16;AST(GOT);;IBAGUE;26.300
LAB-16;AST(GOT);;MADRID II;28.000
LAB-16;AST(GOT);;MANIZALES 3;17.900
LAB-16;AST(GOT);;MONTERIA;24.600
LAB-16;AST(GOT);;MOSQUERA;21.100
LAB-16;AST(GOT);;NEIVA;22.600
LAB-16;AST(GOT);;OCAÑA;34.200
LAB-16;AST(GOT);;PASTO;19.100
LAB-16;AST(GOT);;PEREIRA;19.600
LAB-16;AST(GOT);;POPAYAN;27.600
LAB-16;AST(GOT);;PUERTO ASIS;29.300
LAB-16;AST(GOT);;PUERTO BERRIO;35.900
LAB-16;AST(GOT);;PUERTO GAITAN;16.000
LAB-16;AST(GOT);;PUERTO TEJADA;31.300
LAB-16;AST(GOT);;RIOHACHA;33.100
LAB-16;AST(GOT);;SAN ANDRES- ISLA;24.700
LAB-16;AST(GOT);;SANTA MARTA;18.550
LAB-16;AST(GOT);;SINCELEJO;33.000
LAB-16;AST(GOT);;SOACHA;25.800
LAB-16;AST(GOT);;SOGAMOSO;32.100
LAB-16;AST(GOT);;SOLEDAD;15.700
LAB-16;AST(GOT);;TULUA;19.700
LAB-16;AST(GOT);;TUMACO;46.600
LAB-16;AST(GOT);;VALLEDUPAR;23.850
LAB-16;AST(GOT);;VILLAVICENCIO;22.050
LAB-16;AST(GOT);;YOPAL;28.550
LAB-17;HEMOGLOBINA;;AGUACHICA;33.500
LAB-17;HEMOGLOBINA;;ARMENIA;14.700
LAB-17;HEMOGLOBINA;;BARRANCABERMEJA;12.400
LAB-17;HEMOGLOBINA;;BUCARAMANGA 3;17.300
LAB-17;HEMOGLOBINA;;BUENAVENTURA;54.300
LAB-17;HEMOGLOBINA;;CHIA;12.400
LAB-17;HEMOGLOBINA;;DUITAMA;16.000
LAB-17;HEMOGLOBINA;;IBAGUE;14.100
LAB-17;HEMOGLOBINA;;MOSQUERA;22.000
LAB-17;HEMOGLOBINA;;NEIVA;46.550
LAB-17;HEMOGLOBINA;;PEREIRA;13.500
LAB-17;HEMOGLOBINA;;PLANETA RICA;12.450
LAB-17;HEMOGLOBINA;;POPAYAN;20.200
LAB-17;HEMOGLOBINA;;SOACHA;20.400
LAB-17;HEMOGLOBINA;;SOGAMOSO;63.200
LAB-17;HEMOGLOBINA;;TOCANCIPA;24.000
LAB-17;HEMOGLOBINA;;VILLAVICENCIO;46.750
LAB-19;PLOMO EN SANGRE;;APARTADO;200.200
LAB-19;PLOMO EN SANGRE;;BARRANQUILLA II;122.150
LAB-19;PLOMO EN SANGRE;;DUITAMA;117.300
LAB-19;PLOMO EN SANGRE;;SOGAMOSO;113.300
LAB-2;GLICEMIA;;ACACIAS;19.600
LAB-2;GLICEMIA;;AGUACHICA;21.600
LAB-2;GLICEMIA;;APARTADO;23.600
LAB-2;GLICEMIA;;ARAUCA;22.600
LAB-2;GLICEMIA;;ARMENIA;19.300
LAB-2;GLICEMIA;;BARBOSA SANTANDER;24.200
LAB-2;GLICEMIA;;BARRANCABERMEJA;14.200
LAB-2;GLICEMIA;;BARRANQUILLA II;15.400
LAB-2;GLICEMIA;;BUCARAMANGA 3;15.800
LAB-2;GLICEMIA;;BUENAVENTURA;33.900
LAB-2;GLICEMIA;;BUGA;16.000
LAB-2;GLICEMIA;;CAJICA;18.100
LAB-2;GLICEMIA;;CARTAGENA;15.800
LAB-2;GLICEMIA;;CARTAGO;18.200
LAB-2;GLICEMIA;;CAUCASIA;30.250
LAB-2;GLICEMIA;;CHIA;17.900
LAB-2;GLICEMIA;;CUCUTA;16.400
LAB-2;GLICEMIA;;DUITAMA;16.600
LAB-2;GLICEMIA;;ESPINAL;25.600
LAB-2;GLICEMIA;;FLORENCIA;15.200
LAB-2;GLICEMIA;;FUNZA II;17.000
LAB-2;GLICEMIA;;GIRARDOT;17.100
LAB-2;GLICEMIA;;IBAGUE;14.900
LAB-2;GLICEMIA;;IPIALES I;18.700
LAB-2;GLICEMIA;;LETICIA;32.250
LAB-2;GLICEMIA;;LORICA;24.900
LAB-2;GLICEMIA;;MADRID II;17.000
LAB-2;GLICEMIA;;MANIZALES 3;16.100
LAB-2;GLICEMIA;;MITU;42.500
LAB-2;GLICEMIA;;MONTELIBANO;30.250
LAB-2;GLICEMIA;;MONTERIA;25.450
LAB-2;GLICEMIA;;MOSQUERA;19.500
LAB-2;GLICEMIA;;NEIVA;15.700
LAB-2;GLICEMIA;;OCAÑA;22.400
LAB-2;GLICEMIA;;PASTO;15.700
LAB-2;GLICEMIA;;PEREIRA;16.600
LAB-2;GLICEMIA;;PITALITO;20.000
LAB-2;GLICEMIA;;PLANETA RICA;31.300
LAB-2;GLICEMIA;;POPAYAN;20.200
LAB-2;GLICEMIA;;PUERTO ASIS;26.100
LAB-2;GLICEMIA;;PUERTO BERRIO;26.300
LAB-2;GLICEMIA;;PUERTO CARREÑO;33.300
LAB-2;GLICEMIA;;PUERTO GAITAN;15.300
LAB-2;GLICEMIA;;PUERTO TEJADA;26.500
LAB-2;GLICEMIA;;QUIBDO;36.000
LAB-2;GLICEMIA;;RIOHACHA;25.200
LAB-2;GLICEMIA;;SAN GIL;18.700
LAB-2;GLICEMIA;;SAN JOSE DEL GUAVIARE;24.950
LAB-2;GLICEMIA;;SANTA MARTA;15.500
LAB-2;GLICEMIA;;SANTAFE DE ANTIOQUIA;27.900
LAB-2;GLICEMIA;;SEGOVIA;30.450
LAB-2;GLICEMIA;;SINCELEJO;24.900
LAB-2;GLICEMIA;;SOACHA;20.400
LAB-2;GLICEMIA;;SOGAMOSO;17.500
LAB-2;GLICEMIA;;SOLEDAD;9.800
LAB-2;GLICEMIA;;TOCANCIPA;20.700
LAB-2;GLICEMIA;;TULUA;15.600
LAB-2;GLICEMIA;;TUMACO;33.400
LAB-2;GLICEMIA;;TUNJA;17.900
LAB-2;GLICEMIA;;TURBO;19.950
LAB-2;GLICEMIA;;VALLEDUPAR;18.400
LAB-2;GLICEMIA;;VILLAVICENCIO;20.400
LAB-2;GLICEMIA;;YOPAL;19.100
LAB-20;TRIGLICERIDOS;;AGUACHICA;21.600
LAB-20;TRIGLICERIDOS;;ARMENIA;21.300
LAB-20;TRIGLICERIDOS;;BARRANCABERMEJA;15.800
LAB-20;TRIGLICERIDOS;;BARRANQUILLA II;15.996
LAB-20;TRIGLICERIDOS;;BUCARAMANGA 3;15.800
LAB-20;TRIGLICERIDOS;;BUENAVENTURA;40.300
LAB-20;TRIGLICERIDOS;;BUGA;16.000
LAB-20;TRIGLICERIDOS;;CARTAGENA;18.300
LAB-20;TRIGLICERIDOS;;CARTAGO;18.500
LAB-20;TRIGLICERIDOS;;CHIA;19.700
LAB-20;TRIGLICERIDOS;;CUCUTA;15.800
LAB-20;TRIGLICERIDOS;;DUITAMA;17.300
LAB-20;TRIGLICERIDOS;;FUNZA II;17.000
LAB-20;TRIGLICERIDOS;;IBAGUE;22.200
LAB-20;TRIGLICERIDOS;;MANIZALES 3;14.720
LAB-20;TRIGLICERIDOS;;MONTERIA;24.600
LAB-20;TRIGLICERIDOS;;MOSQUERA;22.700
LAB-20;TRIGLICERIDOS;;NEIVA;21.550
LAB-20;TRIGLICERIDOS;;PASTO;15.800
LAB-20;TRIGLICERIDOS;;PEREIRA;18.300
LAB-20;TRIGLICERIDOS;;PITALITO;20.000
LAB-20;TRIGLICERIDOS;;POPAYAN;18.600
LAB-20;TRIGLICERIDOS;;PUERTO BERRIO;37.300
LAB-20;TRIGLICERIDOS;;RIOHACHA;29.200
LAB-20;TRIGLICERIDOS;;SAN GIL;18.700
LAB-20;TRIGLICERIDOS;;SANTA MARTA;15.700
LAB-20;TRIGLICERIDOS;;SINCELEJO;24.900
LAB-20;TRIGLICERIDOS;;SOGAMOSO;26.500
LAB-20;TRIGLICERIDOS;;TULUA;16.050
LAB-20;TRIGLICERIDOS;;VALLEDUPAR;19.300
LAB-20;TRIGLICERIDOS;;VILLAVICENCIO;20.400
LAB-20;TRIGLICERIDOS;;YOPAL;27.800
LAB-21;COLESTEROL TOTAL;;AGUACHICA;21.600
LAB-21;COLESTEROL TOTAL;;ARAUCA;20.600
LAB-21;COLESTEROL TOTAL;;ARMENIA;19.300
LAB-21;COLESTEROL TOTAL;;BARRANCABERMEJA;14.400
LAB-21;COLESTEROL TOTAL;;BARRANQUILLA II;17.200
LAB-21;COLESTEROL TOTAL;;BUCARAMANGA 3;14.250
LAB-21;COLESTEROL TOTAL;;BUENAVENTURA;48.700
LAB-21;COLESTEROL TOTAL;;BUGA;16.000
LAB-21;COLESTEROL TOTAL;;CARTAGENA;16.000
LAB-21;COLESTEROL TOTAL;;CARTAGO;24.500
LAB-21;COLESTEROL TOTAL;;CAUCASIA;31.700
LAB-21;COLESTEROL TOTAL;;CHIA;16.200
LAB-21;COLESTEROL TOTAL;;CUCUTA;17.500
LAB-21;COLESTEROL TOTAL;;DUITAMA;33.300
LAB-21;COLESTEROL TOTAL;;FUNZA II;17.000
LAB-21;COLESTEROL TOTAL;;IBAGUE;20.400
LAB-21;COLESTEROL TOTAL;;MANIZALES 3;14.720
LAB-21;COLESTEROL TOTAL;;MONTERIA;24.600
LAB-21;COLESTEROL TOTAL;;MOSQUERA;21.200
LAB-21;COLESTEROL TOTAL;;NEIVA;17.600
LAB-21;COLESTEROL TOTAL;;PASTO;19.100
LAB-21;COLESTEROL TOTAL;;PEREIRA;19.900
LAB-21;COLESTEROL TOTAL;;PITALITO;20.000
LAB-21;COLESTEROL TOTAL;;POPAYAN;18.600
LAB-21;COLESTEROL TOTAL;;PUERTO BERRIO;37.700
LAB-21;COLESTEROL TOTAL;;PUERTO GAITAN;11.700
LAB-21;COLESTEROL TOTAL;;RIOHACHA;29.200
LAB-21;COLESTEROL TOTAL;;SAN GIL;18.700
LAB-21;COLESTEROL TOTAL;;SANTA MARTA;16.700
LAB-21;COLESTEROL TOTAL;;SEGOVIA;30.450
LAB-21;COLESTEROL TOTAL;;SINCELEJO;25.450
LAB-21;COLESTEROL TOTAL;;SOGAMOSO;29.200
LAB-21;COLESTEROL TOTAL;;TULUA;16.050
LAB-21;COLESTEROL TOTAL;;TUNJA;17.900
LAB-21;COLESTEROL TOTAL;;VALLEDUPAR;19.200
LAB-21;COLESTEROL TOTAL;;VILLAVICENCIO;20.400
LAB-21;COLESTEROL TOTAL;;YOPAL;32.100
LAB-22;PIE CUALITATIVA;;AGUACHICA;29.200
LAB-22;PIE CUALITATIVA;;APARTADO;18.700
LAB-22;PIE CUALITATIVA;;ARMENIA;27.200
LAB-22;PIE CUALITATIVA;;BARRANQUILLA II;18.700
LAB-22;PIE CUALITATIVA;;BUCARAMANGA 3;19.100
LAB-22;PIE CUALITATIVA;;BUENAVENTURA;35.400
LAB-22;PIE CUALITATIVA;;BUGA;32.000
LAB-22;PIE CUALITATIVA;;CAJICA;24.000
LAB-22;PIE CUALITATIVA;;CARTAGENA;19.400
LAB-22;PIE CUALITATIVA;;CAUCASIA;27.700
LAB-22;PIE CUALITATIVA;;CHIA;19.700
LAB-22;PIE CUALITATIVA;;CUCUTA;19.100
LAB-22;PIE CUALITATIVA;;DUITAMA;28.000
LAB-22;PIE CUALITATIVA;;GIRARDOT;21.300
LAB-22;PIE CUALITATIVA;;IBAGUE;24.100
LAB-22;PIE CUALITATIVA;;IPIALES I;21.500
LAB-22;PIE CUALITATIVA;;MANIZALES 3;20.816
LAB-22;PIE CUALITATIVA;;MONTELIBANO;27.700
LAB-22;PIE CUALITATIVA;;MONTERIA;24.000
LAB-22;PIE CUALITATIVA;;MOSQUERA;36.500
LAB-22;PIE CUALITATIVA;;NEIVA;30.900
LAB-22;PIE CUALITATIVA;;PASTO;59.500
LAB-22;PIE CUALITATIVA;;PEREIRA;71.200
LAB-22;PIE CUALITATIVA;;PITALITO;34.000
LAB-22;PIE CUALITATIVA;;POPAYAN;42.500
LAB-22;PIE CUALITATIVA;;PUERTO GAITAN;35.400
LAB-22;PIE CUALITATIVA;;RIOHACHA;31.300
LAB-22;PIE CUALITATIVA;;SANTA MARTA;33.800
LAB-22;PIE CUALITATIVA;;SOACHA;34.800
LAB-22;PIE CUALITATIVA;;VALLEDUPAR;17.600
LAB-22;PIE CUALITATIVA;;VILLAVICENCIO;31.200
LAB-22;PIE CUALITATIVA;;YOPAL;48.000
LAB-23;BILIRRUBINA TOTAL;;ACACIAS;29.000
LAB-23;BILIRRUBINA TOTAL;;ARMENIA;46.750
LAB-23;BILIRRUBINA TOTAL;;BARRANCABERMEJA;37.600
LAB-23;BILIRRUBINA TOTAL;;BARRANQUILLA II;32.300
LAB-23;BILIRRUBINA TOTAL;;BUCARAMANGA 3;25.050
LAB-23;BILIRRUBINA TOTAL;;BUGA;29.900
LAB-23;BILIRRUBINA TOTAL;;CARTAGENA;32.500
LAB-23;BILIRRUBINA TOTAL;;CHIA;20.800
LAB-23;BILIRRUBINA TOTAL;;CUCUTA;20.900
LAB-23;BILIRRUBINA TOTAL;;DUITAMA;30.800
LAB-23;BILIRRUBINA TOTAL;;ESPINAL;46.000
LAB-23;BILIRRUBINA TOTAL;;IBAGUE;32.150
LAB-23;BILIRRUBINA TOTAL;;MANIZALES 3;19.500
LAB-23;BILIRRUBINA TOTAL;;MONTERIA;30.550
LAB-23;BILIRRUBINA TOTAL;;MOSQUERA;35.100
LAB-23;BILIRRUBINA TOTAL;;NEIVA;16.800
LAB-23;BILIRRUBINA TOTAL;;PASTO;19.400
LAB-23;BILIRRUBINA TOTAL;;PEREIRA;42.300
LAB-23;BILIRRUBINA TOTAL;;POPAYAN;26.500
LAB-23;BILIRRUBINA TOTAL;;PUERTO ASIS;28.100
LAB-23;BILIRRUBINA TOTAL;;PUERTO GAITAN;35.300
LAB-23;BILIRRUBINA TOTAL;;QUIBDO;86.700
LAB-23;BILIRRUBINA TOTAL;;RIOHACHA;29.200
LAB-23;BILIRRUBINA TOTAL;;SINCELEJO;45.000
LAB-23;BILIRRUBINA TOTAL;;SOGAMOSO;31.500
LAB-23;BILIRRUBINA TOTAL;;VALLEDUPAR;22.700
LAB-23;BILIRRUBINA TOTAL;;VILLAVICENCIO;23.750
LAB-24;FOSFATASA ALKALINA;;ACACIAS;30.800
LAB-24;FOSFATASA ALKALINA;;ARMENIA;28.200
LAB-24;FOSFATASA ALKALINA;;BARRANCABERMEJA;15.800
LAB-24;FOSFATASA ALKALINA;;BARRANQUILLA II;18.500
LAB-24;FOSFATASA ALKALINA;;BUCARAMANGA 3;24.000
LAB-24;FOSFATASA ALKALINA;;BUGA;15.100
LAB-24;FOSFATASA ALKALINA;;CARTAGENA;16.900
LAB-24;FOSFATASA ALKALINA;;CHIA;32.300
LAB-24;FOSFATASA ALKALINA;;CUCUTA;22.800
LAB-24;FOSFATASA ALKALINA;;DUITAMA;16.600
LAB-24;FOSFATASA ALKALINA;;ESPINAL;30.450
LAB-24;FOSFATASA ALKALINA;;FLORENCIA;18.100
LAB-24;FOSFATASA ALKALINA;;IBAGUE;17.500
LAB-24;FOSFATASA ALKALINA;;MANIZALES 3;17.900
LAB-24;FOSFATASA ALKALINA;;MONTERIA;34.450
LAB-24;FOSFATASA ALKALINA;;MOSQUERA;19.500
LAB-24;FOSFATASA ALKALINA;;NEIVA;20.900
LAB-24;FOSFATASA ALKALINA;;PASTO;18.700
LAB-24;FOSFATASA ALKALINA;;PEREIRA;27.400
LAB-24;FOSFATASA ALKALINA;;POPAYAN;22.700
LAB-24;FOSFATASA ALKALINA;;PUERTO ASIS;32.300
LAB-24;FOSFATASA ALKALINA;;PUERTO GAITAN;19.500
LAB-24;FOSFATASA ALKALINA;;RIOHACHA;35.300
LAB-24;FOSFATASA ALKALINA;;SINCELEJO;27.350
LAB-24;FOSFATASA ALKALINA;;SOGAMOSO;25.200
LAB-24;FOSFATASA ALKALINA;;TULUA;17.950
LAB-24;FOSFATASA ALKALINA;;VALLEDUPAR;18.400
LAB-24;FOSFATASA ALKALINA;;VILLAVICENCIO;20.400
LAB-25;BILIRRUBINA DIRECTA;;ACACIAS;29.000
LAB-25;BILIRRUBINA DIRECTA;;ARMENIA;45.300
LAB-25;BILIRRUBINA DIRECTA;;BARRANCABERMEJA;24.600
LAB-25;BILIRRUBINA DIRECTA;;BARRANQUILLA II;26.800
LAB-25;BILIRRUBINA DIRECTA;;BUCARAMANGA 3;25.450
LAB-25;BILIRRUBINA DIRECTA;;BUGA;29.900
LAB-25;BILIRRUBINA DIRECTA;;CARTAGENA;32.500
LAB-25;BILIRRUBINA DIRECTA;;CHIA;21.400
LAB-25;BILIRRUBINA DIRECTA;;CUCUTA;20.400
LAB-25;BILIRRUBINA DIRECTA;;ESPINAL;46.000
LAB-25;BILIRRUBINA DIRECTA;;IBAGUE;32.150
LAB-25;BILIRRUBINA DIRECTA;;MANIZALES 3;19.500
LAB-25;BILIRRUBINA DIRECTA;;MONTERIA;26.700
LAB-25;BILIRRUBINA DIRECTA;;MOSQUERA;35.100
LAB-25;BILIRRUBINA DIRECTA;;NEIVA;16.800
LAB-25;BILIRRUBINA DIRECTA;;PASTO;16.800
LAB-25;BILIRRUBINA DIRECTA;;PEREIRA;42.300
LAB-25;BILIRRUBINA DIRECTA;;POPAYAN;26.500
LAB-25;BILIRRUBINA DIRECTA;;PUERTO ASIS;26.700
LAB-25;BILIRRUBINA DIRECTA;;PUERTO GAITAN;33.700
LAB-25;BILIRRUBINA DIRECTA;;RIOHACHA;29.200
LAB-25;BILIRRUBINA DIRECTA;;SINCELEJO;42.300
LAB-25;BILIRRUBINA DIRECTA;;SOGAMOSO;31.500
LAB-25;BILIRRUBINA DIRECTA;;VALLEDUPAR;22.700
LAB-26;PRUEBA DE ALCOHOL EN SANGRE;;ACACIAS;62.800
LAB-26;PRUEBA DE ALCOHOL EN SANGRE;;APARTADO;81.800
LAB-26;PRUEBA DE ALCOHOL EN SANGRE;;ARAUCA;66.700
LAB-26;PRUEBA DE ALCOHOL EN SANGRE;;ARMENIA;95.400
LAB-26;PRUEBA DE ALCOHOL EN SANGRE;;BARRANCABERMEJA;61.500
LAB-26;PRUEBA DE ALCOHOL EN SANGRE;;BARRANQUILLA II;81.500
LAB-26;PRUEBA DE ALCOHOL EN SANGRE;;BUCARAMANGA 3;70.700
LAB-26;PRUEBA DE ALCOHOL EN SANGRE;;BUENAVENTURA;76.700
LAB-26;PRUEBA DE ALCOHOL EN SANGRE;;BUGA;48.200
LAB-26;PRUEBA DE ALCOHOL EN SANGRE;;CARTAGENA;62.800
LAB-26;PRUEBA DE ALCOHOL EN SANGRE;;CUCUTA;123.200
LAB-26;PRUEBA DE ALCOHOL EN SANGRE;;DUITAMA;158.900
LAB-26;PRUEBA DE ALCOHOL EN SANGRE;;IBAGUE;68.900
LAB-26;PRUEBA DE ALCOHOL EN SANGRE;;MADRID II;50.700
LAB-26;PRUEBA DE ALCOHOL EN SANGRE;;MANIZALES 3;108.300
LAB-26;PRUEBA DE ALCOHOL EN SANGRE;;MONTELIBANO;137.100
LAB-26;PRUEBA DE ALCOHOL EN SANGRE;;MONTERIA;64.300
LAB-26;PRUEBA DE ALCOHOL EN SANGRE;;MOSQUERA;56.400
LAB-26;PRUEBA DE ALCOHOL EN SANGRE;;NEIVA;68.800
LAB-26;PRUEBA DE ALCOHOL EN SANGRE;;PASTO;88.000
LAB-26;PRUEBA DE ALCOHOL EN SANGRE;;PEREIRA;62.050
LAB-26;PRUEBA DE ALCOHOL EN SANGRE;;PITALITO;129.300
LAB-26;PRUEBA DE ALCOHOL EN SANGRE;;POPAYAN;57.500
LAB-26;PRUEBA DE ALCOHOL EN SANGRE;;PUERTO ASIS;148.400
LAB-26;PRUEBA DE ALCOHOL EN SANGRE;;QUIBDO;121.300
LAB-26;PRUEBA DE ALCOHOL EN SANGRE;;RIOHACHA;49.950
LAB-26;PRUEBA DE ALCOHOL EN SANGRE;;SANTA MARTA;53.600
LAB-26;PRUEBA DE ALCOHOL EN SANGRE;;SINCELEJO;50.200
LAB-26;PRUEBA DE ALCOHOL EN SANGRE;;SOACHA;58.300
LAB-26;PRUEBA DE ALCOHOL EN SANGRE;;SOGAMOSO;12.000
LAB-26;PRUEBA DE ALCOHOL EN SANGRE;;TULUA;81.000
LAB-26;PRUEBA DE ALCOHOL EN SANGRE;;VALLEDUPAR;66.700
LAB-26;PRUEBA DE ALCOHOL EN SANGRE;;VILLAVICENCIO;59.700
LAB-26;PRUEBA DE ALCOHOL EN SANGRE;;YOPAL;74.100
LAB-28;COLINESTERASA SERICA;;ACACIAS;32.500
LAB-28;COLINESTERASA SERICA;;ARMENIA;62.100
LAB-28;COLINESTERASA SERICA;;BARRANCABERMEJA;37.000
LAB-28;COLINESTERASA SERICA;;BARRANQUILLA II;37.400
LAB-28;COLINESTERASA SERICA;;BUCARAMANGA 3;44.000
LAB-28;COLINESTERASA SERICA;;BUGA;33.500
LAB-28;COLINESTERASA SERICA;;CARTAGENA;57.300
LAB-28;COLINESTERASA SERICA;;CAUCASIA;61.200
LAB-28;COLINESTERASA SERICA;;CHIA;16.200
LAB-28;COLINESTERASA SERICA;;IBAGUE;34.150
LAB-28;COLINESTERASA SERICA;;MADRID II;17.300
LAB-28;COLINESTERASA SERICA;;MOSQUERA;36.500
LAB-28;COLINESTERASA SERICA;;NEIVA;45.400
LAB-28;COLINESTERASA SERICA;;PASTO;32.650
LAB-28;COLINESTERASA SERICA;;PEREIRA;37.400
LAB-28;COLINESTERASA SERICA;;POPAYAN;47.900
LAB-28;COLINESTERASA SERICA;;PUERTO BERRIO;88.900
LAB-28;COLINESTERASA SERICA;;PUERTO GAITAN;40.200
LAB-28;COLINESTERASA SERICA;;PUERTO TEJADA;32.100
LAB-28;COLINESTERASA SERICA;;SANTA MARTA;38.900
LAB-28;COLINESTERASA SERICA;;SOGAMOSO;66.100
LAB-28;COLINESTERASA SERICA;;TULUA;37.600
LAB-28;COLINESTERASA SERICA;;VILLAVICENCIO;51.650
LAB-28;COLINESTERASA SERICA;;YOPAL;60.100
LAB-29;NITROGENO UREICO EN SANGRE (BUN);;ACACIAS;20.100
LAB-29;NITROGENO UREICO EN SANGRE (BUN);;AGUACHICA;18.800
LAB-29;NITROGENO UREICO EN SANGRE (BUN);;APARTADO;33.400
LAB-29;NITROGENO UREICO EN SANGRE (BUN);;ARAUCA;19.300
LAB-29;NITROGENO UREICO EN SANGRE (BUN);;ARMENIA;17.100
LAB-29;NITROGENO UREICO EN SANGRE (BUN);;BARRANCABERMEJA;15.800
LAB-29;NITROGENO UREICO EN SANGRE (BUN);;BARRANQUILLA II;15.400
LAB-29;NITROGENO UREICO EN SANGRE (BUN);;BUCARAMANGA 3;24.000
LAB-29;NITROGENO UREICO EN SANGRE (BUN);;BUENAVENTURA;35.300
LAB-29;NITROGENO UREICO EN SANGRE (BUN);;BUGA;16.700
LAB-29;NITROGENO UREICO EN SANGRE (BUN);;CAJICA;18.100
LAB-29;NITROGENO UREICO EN SANGRE (BUN);;CARTAGENA;18.800
LAB-29;NITROGENO UREICO EN SANGRE (BUN);;CHIA;19.700
LAB-29;NITROGENO UREICO EN SANGRE (BUN);;CUCUTA;33.700
LAB-29;NITROGENO UREICO EN SANGRE (BUN);;DUITAMA;18.000
LAB-29;NITROGENO UREICO EN SANGRE (BUN);;ESPINAL;25.000
LAB-29;NITROGENO UREICO EN SANGRE (BUN);;FLORENCIA;18.100
LAB-29;NITROGENO UREICO EN SANGRE (BUN);;FUNZA II;16.700
LAB-29;NITROGENO UREICO EN SANGRE (BUN);;IBAGUE;14.100
LAB-29;NITROGENO UREICO EN SANGRE (BUN);;MANIZALES 3;18.000
LAB-29;NITROGENO UREICO EN SANGRE (BUN);;MONTERIA;21.900
LAB-29;NITROGENO UREICO EN SANGRE (BUN);;MOSQUERA;20.000
LAB-29;NITROGENO UREICO EN SANGRE (BUN);;NEIVA;18.100
LAB-29;NITROGENO UREICO EN SANGRE (BUN);;PASTO;16.100
LAB-29;NITROGENO UREICO EN SANGRE (BUN);;PEREIRA;19.400
LAB-29;NITROGENO UREICO EN SANGRE (BUN);;POPAYAN;22.700
LAB-29;NITROGENO UREICO EN SANGRE (BUN);;PUERTO ASIS;24.000
LAB-29;NITROGENO UREICO EN SANGRE (BUN);;PUERTO BERRIO;21.300
LAB-29;NITROGENO UREICO EN SANGRE (BUN);;PUERTO GAITAN;15.300
LAB-29;NITROGENO UREICO EN SANGRE (BUN);;RIOHACHA;25.200
LAB-29;NITROGENO UREICO EN SANGRE (BUN);;SAN ANDRES- ISLA;24.900
LAB-29;NITROGENO UREICO EN SANGRE (BUN);;SANTA MARTA;16.000
LAB-29;NITROGENO UREICO EN SANGRE (BUN);;SINCELEJO;23.800
LAB-29;NITROGENO UREICO EN SANGRE (BUN);;SOACHA;20.400
LAB-29;NITROGENO UREICO EN SANGRE (BUN);;SOGAMOSO;21.100
LAB-29;NITROGENO UREICO EN SANGRE (BUN);;SOLEDAD;14.300
LAB-29;NITROGENO UREICO EN SANGRE (BUN);;TULUA;17.900
LAB-29;NITROGENO UREICO EN SANGRE (BUN);;TUMACO;31.900
LAB-29;NITROGENO UREICO EN SANGRE (BUN);;TUNJA;20.300
LAB-29;NITROGENO UREICO EN SANGRE (BUN);;VALLEDUPAR;17.600
LAB-29;NITROGENO UREICO EN SANGRE (BUN);;VILLAVICENCIO;20.500
LAB-29;NITROGENO UREICO EN SANGRE (BUN);;YOPAL;25.000
LAB-3;FROTIS DE UÑA;;ACACIAS;17.900
LAB-3;FROTIS DE UÑA;;AGUACHICA;24.000
LAB-3;FROTIS DE UÑA;;APARTADO;20.900
LAB-3;FROTIS DE UÑA;;ARAUCA;22.600
LAB-3;FROTIS DE UÑA;;ARMENIA;24.000
LAB-3;FROTIS DE UÑA;;BARBOSA SANTANDER;18.050
LAB-3;FROTIS DE UÑA;;BARRANCABERMEJA;12.700
LAB-3;FROTIS DE UÑA;;BARRANQUILLA II;14.496
LAB-3;FROTIS DE UÑA;;BUCARAMANGA 3;12.200
LAB-3;FROTIS DE UÑA;;BUENAVENTURA;33.900
LAB-3;FROTIS DE UÑA;;BUGA;16.000
LAB-3;FROTIS DE UÑA;;CAJICA;16.700
LAB-3;FROTIS DE UÑA;;CARTAGENA;14.500
LAB-3;FROTIS DE UÑA;;CARTAGO;20.250
LAB-3;FROTIS DE UÑA;;CAUCASIA;28.100
LAB-3;FROTIS DE UÑA;;CHIA;17.900
LAB-3;FROTIS DE UÑA;;CUCUTA;14.900
LAB-3;FROTIS DE UÑA;;DUITAMA;16.000
LAB-3;FROTIS DE UÑA;;ESPINAL;20.800
LAB-3;FROTIS DE UÑA;;FLORENCIA;16.500
LAB-3;FROTIS DE UÑA;;FUNZA II;18.450
LAB-3;FROTIS DE UÑA;;GIRARDOT;17.100
LAB-3;FROTIS DE UÑA;;IBAGUE;14.900
LAB-3;FROTIS DE UÑA;;IPIALES I;20.800
LAB-3;FROTIS DE UÑA;;LETICIA;21.200
LAB-3;FROTIS DE UÑA;;LORICA;22.200
LAB-3;FROTIS DE UÑA;;MADRID II;18.450
LAB-3;FROTIS DE UÑA;;MANIZALES 3;14.720
LAB-3;FROTIS DE UÑA;;MONTELIBANO;28.100
LAB-3;FROTIS DE UÑA;;MONTERIA;24.600
LAB-3;FROTIS DE UÑA;;MOSQUERA;19.500
LAB-3;FROTIS DE UÑA;;NEIVA;16.650
LAB-3;FROTIS DE UÑA;;OCAÑA;22.400
LAB-3;FROTIS DE UÑA;;PASTO;14.250
LAB-3;FROTIS DE UÑA;;PEREIRA;14.900
LAB-3;FROTIS DE UÑA;;PITALITO;20.000
LAB-3;FROTIS DE UÑA;;POPAYAN;18.300
LAB-3;FROTIS DE UÑA;;PUERTO ASIS;18.350
LAB-3;FROTIS DE UÑA;;PUERTO BERRIO;26.300
LAB-3;FROTIS DE UÑA;;PUERTO CARREÑO;39.550
LAB-3;FROTIS DE UÑA;;PUERTO GAITAN;13.200
LAB-3;FROTIS DE UÑA;;PUERTO TEJADA;23.700
LAB-3;FROTIS DE UÑA;;QUIBDO;28.550
LAB-3;FROTIS DE UÑA;;RIOHACHA;29.200
LAB-3;FROTIS DE UÑA;;SAN ANDRES- ISLA;28.800
LAB-3;FROTIS DE UÑA;;SAN GIL;16.650
LAB-3;FROTIS DE UÑA;;SAN JOSE DEL GUAVIARE;24.950
LAB-3;FROTIS DE UÑA;;SANTA MARTA;14.100
LAB-3;FROTIS DE UÑA;;SANTAFE DE ANTIOQUIA;29.500
LAB-3;FROTIS DE UÑA;;SEGOVIA;30.450
LAB-3;FROTIS DE UÑA;;SINCELEJO;23.550
LAB-3;FROTIS DE UÑA;;SOACHA;22.400
LAB-3;FROTIS DE UÑA;;SOGAMOSO;24.000
LAB-3;FROTIS DE UÑA;;SOLEDAD;9.800
LAB-3;FROTIS DE UÑA;;TOCANCIPA;20.300
LAB-3;FROTIS DE UÑA;;TULUA;17.950
LAB-3;FROTIS DE UÑA;;TUMACO;33.400
LAB-3;FROTIS DE UÑA;;TUNJA;17.900
LAB-3;FROTIS DE UÑA;;TURBO;20.700
LAB-3;FROTIS DE UÑA;;VALLEDUPAR;17.500
LAB-3;FROTIS DE UÑA;;VILLAVICENCIO;17.300
LAB-3;FROTIS DE UÑA;;YOPAL;19.100
LAB-30;PRUEBA MULTIDROGAS DIEZ SUSTANCIAS;;ARMENIA;94.700
LAB-30;PRUEBA MULTIDROGAS DIEZ SUSTANCIAS;;BARRANQUILLA II;122.900
LAB-30;PRUEBA MULTIDROGAS DIEZ SUSTANCIAS;;BUCARAMANGA 3;87.300
LAB-30;PRUEBA MULTIDROGAS DIEZ SUSTANCIAS;;CUCUTA;150.400
LAB-30;PRUEBA MULTIDROGAS DIEZ SUSTANCIAS;;FLORENCIA;74.100
LAB-30;PRUEBA MULTIDROGAS DIEZ SUSTANCIAS;;IBAGUE;201.100
LAB-30;PRUEBA MULTIDROGAS DIEZ SUSTANCIAS;;MADRID II;94.700
LAB-30;PRUEBA MULTIDROGAS DIEZ SUSTANCIAS;;PEREIRA;107.300
LAB-30;PRUEBA MULTIDROGAS DIEZ SUSTANCIAS;;PITALITO;96.000
LAB-30;PRUEBA MULTIDROGAS DIEZ SUSTANCIAS;;SOACHA;123.900
LAB-30;PRUEBA MULTIDROGAS DIEZ SUSTANCIAS;;VILLAVICENCIO;136.650
LAB-31;HORMONA ESTIMULANTE DE LA TIROIDES (TSH);;APARTADO;72.650
LAB-31;HORMONA ESTIMULANTE DE LA TIROIDES (TSH);;ARAUCA;57.200
LAB-31;HORMONA ESTIMULANTE DE LA TIROIDES (TSH);;ARMENIA;86.850
LAB-31;HORMONA ESTIMULANTE DE LA TIROIDES (TSH);;BARRANQUILLA II;63.000
LAB-31;HORMONA ESTIMULANTE DE LA TIROIDES (TSH);;BUENAVENTURA;76.350
LAB-31;HORMONA ESTIMULANTE DE LA TIROIDES (TSH);;CARTAGENA;43.800
LAB-31;HORMONA ESTIMULANTE DE LA TIROIDES (TSH);;CARTAGO;43.800
LAB-31;HORMONA ESTIMULANTE DE LA TIROIDES (TSH);;FLORENCIA;41.400
LAB-31;HORMONA ESTIMULANTE DE LA TIROIDES (TSH);;IBAGUE;71.250
LAB-31;HORMONA ESTIMULANTE DE LA TIROIDES (TSH);;MONTERIA;72.100
LAB-31;HORMONA ESTIMULANTE DE LA TIROIDES (TSH);;NEIVA;78.000
LAB-31;HORMONA ESTIMULANTE DE LA TIROIDES (TSH);;PEREIRA;69.250
LAB-31;HORMONA ESTIMULANTE DE LA TIROIDES (TSH);;POPAYAN;87.300
LAB-31;HORMONA ESTIMULANTE DE LA TIROIDES (TSH);;RIOHACHA;35.700
LAB-31;HORMONA ESTIMULANTE DE LA TIROIDES (TSH);;SAN ANDRES- ISLA;46.000
LAB-31;HORMONA ESTIMULANTE DE LA TIROIDES (TSH);;SOGAMOSO;82.300
LAB-31;HORMONA ESTIMULANTE DE LA TIROIDES (TSH);;TUMACO;88.000
LAB-31;HORMONA ESTIMULANTE DE LA TIROIDES (TSH);;VALLEDUPAR;40.200
LAB-31;HORMONA ESTIMULANTE DE LA TIROIDES (TSH);;VILLAVICENCIO;55.450
LAB-31;HORMONA ESTIMULANTE DE LA TIROIDES (TSH);;YOPAL;66.200
LAB-33;HEMATOCRITO;;ARMENIA;14.800
LAB-33;HEMATOCRITO;;BARRANCABERMEJA;12.400
LAB-33;HEMATOCRITO;;BUCARAMANGA 3;24.000
LAB-33;HEMATOCRITO;;BUENAVENTURA;17.200
LAB-33;HEMATOCRITO;;CHIA;12.400
LAB-33;HEMATOCRITO;;DUITAMA;18.900
LAB-33;HEMATOCRITO;;IBAGUE;14.100
LAB-33;HEMATOCRITO;;MADRID II;18.700
LAB-33;HEMATOCRITO;;MOSQUERA;22.000
LAB-33;HEMATOCRITO;;PEREIRA;13.500
LAB-33;HEMATOCRITO;;TOCANCIPA;24.000
LAB-33;HEMATOCRITO;;VILLAVICENCIO;22.700
LAB-34;TITULACION ANTICUERPOS DE HEPATITIS B;;APARTADO;68.100
LAB-34;TITULACION ANTICUERPOS DE HEPATITIS B;;ARMENIA;85.650
LAB-34;TITULACION ANTICUERPOS DE HEPATITIS B;;BARRANQUILLA II;107.700
LAB-34;TITULACION ANTICUERPOS DE HEPATITIS B;;BUCARAMANGA 3;50.700
LAB-34;TITULACION ANTICUERPOS DE HEPATITIS B;;BUENAVENTURA;131.300
LAB-34;TITULACION ANTICUERPOS DE HEPATITIS B;;BUGA;69.500
LAB-34;TITULACION ANTICUERPOS DE HEPATITIS B;;CARTAGENA;146.000
LAB-34;TITULACION ANTICUERPOS DE HEPATITIS B;;CARTAGO;50.700
LAB-34;TITULACION ANTICUERPOS DE HEPATITIS B;;CHIA;69.550
LAB-34;TITULACION ANTICUERPOS DE HEPATITIS B;;DUITAMA;61.200
LAB-34;TITULACION ANTICUERPOS DE HEPATITIS B;;IBAGUE;68.900
LAB-34;TITULACION ANTICUERPOS DE HEPATITIS B;;MONTERIA;89.700
LAB-34;TITULACION ANTICUERPOS DE HEPATITIS B;;NEIVA;110.000
LAB-34;TITULACION ANTICUERPOS DE HEPATITIS B;;OCAÑA;71.050
LAB-34;TITULACION ANTICUERPOS DE HEPATITIS B;;PASTO;51.850
LAB-34;TITULACION ANTICUERPOS DE HEPATITIS B;;PEREIRA;125.850
LAB-34;TITULACION ANTICUERPOS DE HEPATITIS B;;POPAYAN;86.000
LAB-34;TITULACION ANTICUERPOS DE HEPATITIS B;;SOGAMOSO;100.800
LAB-34;TITULACION ANTICUERPOS DE HEPATITIS B;;TULUA;69.200
LAB-34;TITULACION ANTICUERPOS DE HEPATITIS B;;VALLEDUPAR;73.050
LAB-34;TITULACION ANTICUERPOS DE HEPATITIS B;;VILLAVICENCIO;53.100
LAB-36;PERFIL LIPIDICO (SUMATORIA DE LOS 4 COLESTEROLES);;ACACIAS;43.300
LAB-36;PERFIL LIPIDICO (SUMATORIA DE LOS 4 COLESTEROLES);;AGUACHICA;55.600
LAB-36;PERFIL LIPIDICO (SUMATORIA DE LOS 4 COLESTEROLES);;APARTADO;65.200
LAB-36;PERFIL LIPIDICO (SUMATORIA DE LOS 4 COLESTEROLES);;ARAUCA;74.550
LAB-36;PERFIL LIPIDICO (SUMATORIA DE LOS 4 COLESTEROLES);;ARMENIA;58.450
LAB-36;PERFIL LIPIDICO (SUMATORIA DE LOS 4 COLESTEROLES);;BARBOSA SANTANDER;53.350
LAB-36;PERFIL LIPIDICO (SUMATORIA DE LOS 4 COLESTEROLES);;BARRANCABERMEJA;37.000
LAB-36;PERFIL LIPIDICO (SUMATORIA DE LOS 4 COLESTEROLES);;BARRANQUILLA II;39.450
LAB-36;PERFIL LIPIDICO (SUMATORIA DE LOS 4 COLESTEROLES);;BUCARAMANGA 3;40.200
LAB-36;PERFIL LIPIDICO (SUMATORIA DE LOS 4 COLESTEROLES);;BUENAVENTURA;88.100
LAB-36;PERFIL LIPIDICO (SUMATORIA DE LOS 4 COLESTEROLES);;BUGA;52.200
LAB-36;PERFIL LIPIDICO (SUMATORIA DE LOS 4 COLESTEROLES);;CAJICA;53.500
LAB-36;PERFIL LIPIDICO (SUMATORIA DE LOS 4 COLESTEROLES);;CARTAGENA;38.600
LAB-36;PERFIL LIPIDICO (SUMATORIA DE LOS 4 COLESTEROLES);;CARTAGO;45.800
LAB-36;PERFIL LIPIDICO (SUMATORIA DE LOS 4 COLESTEROLES);;CAUCASIA;76.550
LAB-36;PERFIL LIPIDICO (SUMATORIA DE LOS 4 COLESTEROLES);;CHIA;52.700
LAB-36;PERFIL LIPIDICO (SUMATORIA DE LOS 4 COLESTEROLES);;CUCUTA;40.900
LAB-36;PERFIL LIPIDICO (SUMATORIA DE LOS 4 COLESTEROLES);;DUITAMA;34.800
LAB-36;PERFIL LIPIDICO (SUMATORIA DE LOS 4 COLESTEROLES);;ESPINAL;48.800
LAB-36;PERFIL LIPIDICO (SUMATORIA DE LOS 4 COLESTEROLES);;FLORENCIA;46.700
LAB-36;PERFIL LIPIDICO (SUMATORIA DE LOS 4 COLESTEROLES);;FUNZA II;39.650
LAB-36;PERFIL LIPIDICO (SUMATORIA DE LOS 4 COLESTEROLES);;GIRARDOT;46.000
LAB-36;PERFIL LIPIDICO (SUMATORIA DE LOS 4 COLESTEROLES);;IBAGUE;43.500
LAB-36;PERFIL LIPIDICO (SUMATORIA DE LOS 4 COLESTEROLES);;IPIALES I;50.800
LAB-36;PERFIL LIPIDICO (SUMATORIA DE LOS 4 COLESTEROLES);;LETICIA;69.050
LAB-36;PERFIL LIPIDICO (SUMATORIA DE LOS 4 COLESTEROLES);;LORICA;49.550
LAB-36;PERFIL LIPIDICO (SUMATORIA DE LOS 4 COLESTEROLES);;MADRID II;39.650
LAB-36;PERFIL LIPIDICO (SUMATORIA DE LOS 4 COLESTEROLES);;MANIZALES 3;40.200
LAB-36;PERFIL LIPIDICO (SUMATORIA DE LOS 4 COLESTEROLES);;MITU;268.850
LAB-36;PERFIL LIPIDICO (SUMATORIA DE LOS 4 COLESTEROLES);;MONTELIBANO;76.550
LAB-36;PERFIL LIPIDICO (SUMATORIA DE LOS 4 COLESTEROLES);;MONTERIA;65.000
LAB-36;PERFIL LIPIDICO (SUMATORIA DE LOS 4 COLESTEROLES);;MOSQUERA;50.800
LAB-36;PERFIL LIPIDICO (SUMATORIA DE LOS 4 COLESTEROLES);;NEIVA;47.000
LAB-36;PERFIL LIPIDICO (SUMATORIA DE LOS 4 COLESTEROLES);;OCAÑA;64.600
LAB-36;PERFIL LIPIDICO (SUMATORIA DE LOS 4 COLESTEROLES);;PASTO;40.200
LAB-36;PERFIL LIPIDICO (SUMATORIA DE LOS 4 COLESTEROLES);;PEREIRA;40.500
LAB-36;PERFIL LIPIDICO (SUMATORIA DE LOS 4 COLESTEROLES);;PITALITO;51.450
LAB-36;PERFIL LIPIDICO (SUMATORIA DE LOS 4 COLESTEROLES);;PLANETA RICA;78.350
LAB-36;PERFIL LIPIDICO (SUMATORIA DE LOS 4 COLESTEROLES);;POPAYAN;49.400
LAB-36;PERFIL LIPIDICO (SUMATORIA DE LOS 4 COLESTEROLES);;PUERTO ASIS;76.650
LAB-36;PERFIL LIPIDICO (SUMATORIA DE LOS 4 COLESTEROLES);;PUERTO BERRIO;86.300
LAB-36;PERFIL LIPIDICO (SUMATORIA DE LOS 4 COLESTEROLES);;PUERTO CARREÑO;114.000
LAB-36;PERFIL LIPIDICO (SUMATORIA DE LOS 4 COLESTEROLES);;PUERTO GAITAN;33.750
LAB-36;PERFIL LIPIDICO (SUMATORIA DE LOS 4 COLESTEROLES);;PUERTO TEJADA;69.500
LAB-36;PERFIL LIPIDICO (SUMATORIA DE LOS 4 COLESTEROLES);;QUIBDO;129.300
LAB-36;PERFIL LIPIDICO (SUMATORIA DE LOS 4 COLESTEROLES);;RIOHACHA;51.650
LAB-36;PERFIL LIPIDICO (SUMATORIA DE LOS 4 COLESTEROLES);;SAN GIL;49.800
LAB-36;PERFIL LIPIDICO (SUMATORIA DE LOS 4 COLESTEROLES);;SAN JOSE DEL GUAVIARE;69.200
LAB-36;PERFIL LIPIDICO (SUMATORIA DE LOS 4 COLESTEROLES);;SANTA MARTA;39.750
LAB-36;PERFIL LIPIDICO (SUMATORIA DE LOS 4 COLESTEROLES);;SANTAFE DE ANTIOQUIA;54.500
LAB-36;PERFIL LIPIDICO (SUMATORIA DE LOS 4 COLESTEROLES);;SEGOVIA;98.400
LAB-36;PERFIL LIPIDICO (SUMATORIA DE LOS 4 COLESTEROLES);;SINCELEJO;53.650
LAB-36;PERFIL LIPIDICO (SUMATORIA DE LOS 4 COLESTEROLES);;SOACHA;43.900
LAB-36;PERFIL LIPIDICO (SUMATORIA DE LOS 4 COLESTEROLES);;SOGAMOSO;64.000
LAB-36;PERFIL LIPIDICO (SUMATORIA DE LOS 4 COLESTEROLES);;SOLEDAD;24.000
LAB-36;PERFIL LIPIDICO (SUMATORIA DE LOS 4 COLESTEROLES);;TOCANCIPA;53.350
LAB-36;PERFIL LIPIDICO (SUMATORIA DE LOS 4 COLESTEROLES);;TULUA;45.700
LAB-36;PERFIL LIPIDICO (SUMATORIA DE LOS 4 COLESTEROLES);;TUMACO;62.800
LAB-36;PERFIL LIPIDICO (SUMATORIA DE LOS 4 COLESTEROLES);;TUNJA;53.100
LAB-36;PERFIL LIPIDICO (SUMATORIA DE LOS 4 COLESTEROLES);;TURBO;44.450
LAB-36;PERFIL LIPIDICO (SUMATORIA DE LOS 4 COLESTEROLES);;VALLEDUPAR;59.700
LAB-36;PERFIL LIPIDICO (SUMATORIA DE LOS 4 COLESTEROLES);;VILLAVICENCIO;56.900
LAB-36;PERFIL LIPIDICO (SUMATORIA DE LOS 4 COLESTEROLES);;YOPAL;59.300
LAB-38;BILIRRUBINA INDIRECTA;;MOSQUERA;19.500
LAB-4;COPROLOGICO;;ACACIAS;20.100
LAB-4;COPROLOGICO;;AGUACHICA;24.000
LAB-4;COPROLOGICO;;APARTADO;20.900
LAB-4;COPROLOGICO;;ARAUCA;22.600
LAB-4;COPROLOGICO;;ARMENIA;18.000
LAB-4;COPROLOGICO;;BARBOSA SANTANDER;18.600
LAB-4;COPROLOGICO;;BARRANCABERMEJA;12.800
LAB-4;COPROLOGICO;;BARRANQUILLA II;14.496
LAB-4;COPROLOGICO;;BUCARAMANGA 3;12.200
LAB-4;COPROLOGICO;;BUENAVENTURA;33.600
LAB-4;COPROLOGICO;;BUGA;16.000
LAB-4;COPROLOGICO;;CAJICA;16.700
LAB-4;COPROLOGICO;;CARTAGENA;14.500
LAB-4;COPROLOGICO;;CARTAGO;21.200
LAB-4;COPROLOGICO;;CAUCASIA;20.500
LAB-4;COPROLOGICO;;CHIA;16.200
LAB-4;COPROLOGICO;;CUCUTA;14.900
LAB-4;COPROLOGICO;;DUITAMA;16.600
LAB-4;COPROLOGICO;;ESPINAL;24.000
LAB-4;COPROLOGICO;;FLORENCIA;16.150
LAB-4;COPROLOGICO;;FUNZA II;17.000
LAB-4;COPROLOGICO;;GIRARDOT;17.100
LAB-4;COPROLOGICO;;IBAGUE;14.250
LAB-4;COPROLOGICO;;IPIALES I;14.700
LAB-4;COPROLOGICO;;LETICIA;20.000
LAB-4;COPROLOGICO;;LORICA;25.350
LAB-4;COPROLOGICO;;MADRID II;17.000
LAB-4;COPROLOGICO;;MANIZALES 3;14.720
LAB-4;COPROLOGICO;;MONTELIBANO;20.500
LAB-4;COPROLOGICO;;MONTERIA;24.600
LAB-4;COPROLOGICO;;MOSQUERA;19.500
LAB-4;COPROLOGICO;;NEIVA;16.650
LAB-4;COPROLOGICO;;OCAÑA;22.400
LAB-4;COPROLOGICO;;PASTO;14.250
LAB-4;COPROLOGICO;;PEREIRA;15.900
LAB-4;COPROLOGICO;;PITALITO;20.000
LAB-4;COPROLOGICO;;POPAYAN;17.500
LAB-4;COPROLOGICO;;PUERTO ASIS;26.100
LAB-4;COPROLOGICO;;PUERTO BERRIO;26.300
LAB-4;COPROLOGICO;;PUERTO CARREÑO;33.300
LAB-4;COPROLOGICO;;PUERTO GAITAN;13.200
LAB-4;COPROLOGICO;;PUERTO TEJADA;25.600
LAB-4;COPROLOGICO;;QUIBDO;24.000
LAB-4;COPROLOGICO;;RIOHACHA;29.200
LAB-4;COPROLOGICO;;SAN ANDRES- ISLA;20.800
LAB-4;COPROLOGICO;;SAN GIL;16.650
LAB-4;COPROLOGICO;;SAN JOSE DEL GUAVIARE;20.000
LAB-4;COPROLOGICO;;SANTA MARTA;14.100
LAB-4;COPROLOGICO;;SANTAFE DE ANTIOQUIA;20.800
LAB-4;COPROLOGICO;;SEGOVIA;30.450
LAB-4;COPROLOGICO;;SINCELEJO;25.450
LAB-4;COPROLOGICO;;SOACHA;20.400
LAB-4;COPROLOGICO;;SOGAMOSO;24.000
LAB-4;COPROLOGICO;;SOLEDAD;11.700
LAB-4;COPROLOGICO;;TOCANCIPA;18.000
LAB-4;COPROLOGICO;;TULUA;17.950
LAB-4;COPROLOGICO;;TUMACO;33.400
LAB-4;COPROLOGICO;;TUNJA;17.900
LAB-4;COPROLOGICO;;TURBO;20.700
LAB-4;COPROLOGICO;;VALLEDUPAR;16.700
LAB-4;COPROLOGICO;;VILLAVICENCIO;20.000
LAB-4;COPROLOGICO;;YOPAL;19.100
LAB-41;MICROALBUMINURIA ;;BARRANQUILLA II;82.900
LAB-41;MICROALBUMINURIA ;;CHIA;40.400
LAB-41;MICROALBUMINURIA ;;SOLEDAD;53.000
LAB-41;MICROALBUMINURIA ;;VALLEDUPAR;46.000
LAB-44;COLESTEROL DE ALTA DENSIDAD (HDL);;MOSQUERA;21.200
LAB-45;GAMMA GLUTAMIL TRANSFERASA (GGT);;ARMENIA;21.500
LAB-45;GAMMA GLUTAMIL TRANSFERASA (GGT);;BARRANQUILLA II;46.450
LAB-45;GAMMA GLUTAMIL TRANSFERASA (GGT);;BUCARAMANGA 3;16.000
LAB-45;GAMMA GLUTAMIL TRANSFERASA (GGT);;BUENAVENTURA;52.800
LAB-45;GAMMA GLUTAMIL TRANSFERASA (GGT);;BUGA;26.100
LAB-45;GAMMA GLUTAMIL TRANSFERASA (GGT);;CARTAGENA;43.600
LAB-45;GAMMA GLUTAMIL TRANSFERASA (GGT);;CAUCASIA;67.900
LAB-45;GAMMA GLUTAMIL TRANSFERASA (GGT);;CHIA;40.400
LAB-45;GAMMA GLUTAMIL TRANSFERASA (GGT);;FLORENCIA;28.500
LAB-45;GAMMA GLUTAMIL TRANSFERASA (GGT);;IBAGUE;37.950
LAB-45;GAMMA GLUTAMIL TRANSFERASA (GGT);;MANIZALES 3;26.400
LAB-45;GAMMA GLUTAMIL TRANSFERASA (GGT);;NEIVA;37.200
LAB-45;GAMMA GLUTAMIL TRANSFERASA (GGT);;PEREIRA;52.500
LAB-45;GAMMA GLUTAMIL TRANSFERASA (GGT);;SANTA MARTA;24.850
LAB-45;GAMMA GLUTAMIL TRANSFERASA (GGT);;SOACHA;22.400
LAB-45;GAMMA GLUTAMIL TRANSFERASA (GGT);;VILLAVICENCIO;74.000
LAB-46;MERCURIO EN SANGRE;;CARTAGENA;116.100
LAB-46;MERCURIO EN SANGRE;;CAUCASIA;165.050
LAB-46;MERCURIO EN SANGRE;;CUCUTA;100.600
LAB-46;MERCURIO EN SANGRE;;DUITAMA;177.300
LAB-46;MERCURIO EN SANGRE;;IBAGUE;197.800
LAB-46;MERCURIO EN SANGRE;;MONTELIBANO;165.050
LAB-46;MERCURIO EN SANGRE;;NEIVA;140.800
LAB-46;MERCURIO EN SANGRE;;SINCELEJO;121.100
LAB-47;COLINESTERASA ERITROCITARIA;;ACACIAS;63.500
LAB-47;COLINESTERASA ERITROCITARIA;;APARTADO;104.900
LAB-47;COLINESTERASA ERITROCITARIA;;ARMENIA;98.700
LAB-47;COLINESTERASA ERITROCITARIA;;BARRANCABERMEJA;83.600
LAB-47;COLINESTERASA ERITROCITARIA;;BARRANQUILLA II;54.900
LAB-47;COLINESTERASA ERITROCITARIA;;BUCARAMANGA 3;70.700
LAB-47;COLINESTERASA ERITROCITARIA;;CHIA;19.500
LAB-47;COLINESTERASA ERITROCITARIA;;CUCUTA;20.800
LAB-47;COLINESTERASA ERITROCITARIA;;DUITAMA;62.700
LAB-47;COLINESTERASA ERITROCITARIA;;IBAGUE;78.800
LAB-47;COLINESTERASA ERITROCITARIA;;MOSQUERA;73.100
LAB-47;COLINESTERASA ERITROCITARIA;;PEREIRA;115.500
LAB-47;COLINESTERASA ERITROCITARIA;;PUERTO GAITAN;57.700
LAB-47;COLINESTERASA ERITROCITARIA;;TULUA;74.700
LAB-47;COLINESTERASA ERITROCITARIA;;TUMACO;29.200
LAB-47;COLINESTERASA ERITROCITARIA;;VALLEDUPAR;102.100
LAB-47;COLINESTERASA ERITROCITARIA;;VILLAVICENCIO;80.050
LAB-47;COLINESTERASA ERITROCITARIA;;YOPAL;64.000
LAB-48;HEMOGLOBINA GLICOSILADA;;ARMENIA;90.900
LAB-48;HEMOGLOBINA GLICOSILADA;;CARTAGENA;48.200
LAB-48;HEMOGLOBINA GLICOSILADA;;PEREIRA;43.600
LAB-5;PRUEBA MULTIDROGAS DOS SUSTANCIAS;;ACACIAS;58.000
LAB-5;PRUEBA MULTIDROGAS DOS SUSTANCIAS;;AGUACHICA;93.000
LAB-5;PRUEBA MULTIDROGAS DOS SUSTANCIAS;;APARTADO;68.500
LAB-5;PRUEBA MULTIDROGAS DOS SUSTANCIAS;;ARMENIA;49.200
LAB-5;PRUEBA MULTIDROGAS DOS SUSTANCIAS;;BARRANCABERMEJA;38.600
LAB-5;PRUEBA MULTIDROGAS DOS SUSTANCIAS;;BARRANQUILLA II;41.700
LAB-5;PRUEBA MULTIDROGAS DOS SUSTANCIAS;;BUCARAMANGA 3;38.600
LAB-5;PRUEBA MULTIDROGAS DOS SUSTANCIAS;;BUENAVENTURA;80.900
LAB-5;PRUEBA MULTIDROGAS DOS SUSTANCIAS;;BUGA;50.600
LAB-5;PRUEBA MULTIDROGAS DOS SUSTANCIAS;;CAJICA;60.500
LAB-5;PRUEBA MULTIDROGAS DOS SUSTANCIAS;;CARTAGENA;42.200
LAB-5;PRUEBA MULTIDROGAS DOS SUSTANCIAS;;CARTAGO;77.400
LAB-5;PRUEBA MULTIDROGAS DOS SUSTANCIAS;;CAUCASIA;42.200
LAB-5;PRUEBA MULTIDROGAS DOS SUSTANCIAS;;CHIA;61.200
LAB-5;PRUEBA MULTIDROGAS DOS SUSTANCIAS;;CUCUTA;40.000
LAB-5;PRUEBA MULTIDROGAS DOS SUSTANCIAS;;DUITAMA;47.400
LAB-5;PRUEBA MULTIDROGAS DOS SUSTANCIAS;;ESPINAL;30.500
LAB-5;PRUEBA MULTIDROGAS DOS SUSTANCIAS;;FLORENCIA;68.400
LAB-5;PRUEBA MULTIDROGAS DOS SUSTANCIAS;;FUNZA II;43.900
LAB-5;PRUEBA MULTIDROGAS DOS SUSTANCIAS;;IBAGUE;76.500
LAB-5;PRUEBA MULTIDROGAS DOS SUSTANCIAS;;IPIALES I;58.500
LAB-5;PRUEBA MULTIDROGAS DOS SUSTANCIAS;;MADRID II;43.900
LAB-5;PRUEBA MULTIDROGAS DOS SUSTANCIAS;;MANIZALES 3;38.600
LAB-5;PRUEBA MULTIDROGAS DOS SUSTANCIAS;;MONTELIBANO;42.200
LAB-5;PRUEBA MULTIDROGAS DOS SUSTANCIAS;;MONTERIA;76.050
LAB-5;PRUEBA MULTIDROGAS DOS SUSTANCIAS;;MOSQUERA;44.900
LAB-5;PRUEBA MULTIDROGAS DOS SUSTANCIAS;;NEIVA;102.500
LAB-5;PRUEBA MULTIDROGAS DOS SUSTANCIAS;;OCAÑA;84.100
LAB-5;PRUEBA MULTIDROGAS DOS SUSTANCIAS;;PASTO;38.600
LAB-5;PRUEBA MULTIDROGAS DOS SUSTANCIAS;;PEREIRA;39.000
LAB-5;PRUEBA MULTIDROGAS DOS SUSTANCIAS;;PITALITO;52.300
LAB-5;PRUEBA MULTIDROGAS DOS SUSTANCIAS;;POPAYAN;54.850
LAB-5;PRUEBA MULTIDROGAS DOS SUSTANCIAS;;PUERTO ASIS;65.950
LAB-5;PRUEBA MULTIDROGAS DOS SUSTANCIAS;;PUERTO BERRIO;44.800
LAB-5;PRUEBA MULTIDROGAS DOS SUSTANCIAS;;PUERTO GAITAN;62.350
LAB-5;PRUEBA MULTIDROGAS DOS SUSTANCIAS;;PUERTO TEJADA;53.200
LAB-5;PRUEBA MULTIDROGAS DOS SUSTANCIAS;;QUIBDO;133.300
LAB-5;PRUEBA MULTIDROGAS DOS SUSTANCIAS;;RIOHACHA;92.900
LAB-5;PRUEBA MULTIDROGAS DOS SUSTANCIAS;;SAN ANDRES- ISLA;68.800
LAB-5;PRUEBA MULTIDROGAS DOS SUSTANCIAS;;SAN GIL;49.800
LAB-5;PRUEBA MULTIDROGAS DOS SUSTANCIAS;;SANTA MARTA;38.200
LAB-5;PRUEBA MULTIDROGAS DOS SUSTANCIAS;;SEGOVIA;58.000
LAB-5;PRUEBA MULTIDROGAS DOS SUSTANCIAS;;SINCELEJO;69.350
LAB-5;PRUEBA MULTIDROGAS DOS SUSTANCIAS;;SOACHA;58.300
LAB-5;PRUEBA MULTIDROGAS DOS SUSTANCIAS;;SOGAMOSO;60.000
LAB-5;PRUEBA MULTIDROGAS DOS SUSTANCIAS;;SOLEDAD;53.100
LAB-5;PRUEBA MULTIDROGAS DOS SUSTANCIAS;;TOCANCIPA;64.500
LAB-5;PRUEBA MULTIDROGAS DOS SUSTANCIAS;;TULUA;35.550
LAB-5;PRUEBA MULTIDROGAS DOS SUSTANCIAS;;TUMACO;67.850
LAB-5;PRUEBA MULTIDROGAS DOS SUSTANCIAS;;TUNJA;60.000
LAB-5;PRUEBA MULTIDROGAS DOS SUSTANCIAS;;TURBO;42.000
LAB-5;PRUEBA MULTIDROGAS DOS SUSTANCIAS;;VALLEDUPAR;67.850
LAB-5;PRUEBA MULTIDROGAS DOS SUSTANCIAS;;VILLAVICENCIO;64.250
LAB-5;PRUEBA MULTIDROGAS DOS SUSTANCIAS;;YOPAL;62.900
LAB-53;COPROCULTIVO;;PEREIRA;76.500
LAB-53;COPROCULTIVO;;PUERTO TEJADA;74.900
LAB-54;VELOCIDAD DE SEDIMENTACION GLOBULAR;;VILLAVICENCIO;19.200
LAB-55;FROTIS DE SANGRE PERIFERICA;;ARMENIA;21.300
LAB-55;FROTIS DE SANGRE PERIFERICA;;CARTAGENA;14.300
LAB-55;FROTIS DE SANGRE PERIFERICA;;DUITAMA;25.300
LAB-55;FROTIS DE SANGRE PERIFERICA;;FLORENCIA;30.300
LAB-55;FROTIS DE SANGRE PERIFERICA;;IPIALES I;18.700
LAB-55;FROTIS DE SANGRE PERIFERICA;;MONTERIA;25.550
LAB-55;FROTIS DE SANGRE PERIFERICA;;PEREIRA;18.500
LAB-55;FROTIS DE SANGRE PERIFERICA;;POPAYAN;20.000
LAB-55;FROTIS DE SANGRE PERIFERICA;;YOPAL;24.600
LAB-56;PPD (PRUEBA DE TUBERCULINA);;BUCARAMANGA 3;110.700
LAB-56;PPD (PRUEBA DE TUBERCULINA);;NEIVA;121.600
LAB-59;RECUENTO DE RETICULOCITOS;;BARRANQUILLA II;22.000
LAB-59;RECUENTO DE RETICULOCITOS;;DUITAMA;24.000
LAB-59;RECUENTO DE RETICULOCITOS;;FLORENCIA;18.100
LAB-59;RECUENTO DE RETICULOCITOS;;IBAGUE;16.400
LAB-59;RECUENTO DE RETICULOCITOS;;NEIVA;18.350
LAB-59;RECUENTO DE RETICULOCITOS;;PEREIRA;16.300
LAB-59;RECUENTO DE RETICULOCITOS;;POPAYAN;22.300
LAB-59;RECUENTO DE RETICULOCITOS;;SAN ANDRES- ISLA;20.800
LAB-59;RECUENTO DE RETICULOCITOS;;TUMACO;38.900
LAB-59;RECUENTO DE RETICULOCITOS;;VALLEDUPAR;90.700
LAB-59;RECUENTO DE RETICULOCITOS;;VILLAVICENCIO;22.050
LAB-6;HEMOGRAMA;;ACACIAS;19.600
LAB-6;HEMOGRAMA;;AGUACHICA;30.450
LAB-6;HEMOGRAMA;;APARTADO;39.300
LAB-6;HEMOGRAMA;;ARAUCA;28.000
LAB-6;HEMOGRAMA;;ARMENIA;25.800
LAB-6;HEMOGRAMA;;BARBOSA SANTANDER;32.900
LAB-6;HEMOGRAMA;;BARRANCABERMEJA;19.000
LAB-6;HEMOGRAMA;;BARRANQUILLA II;21.700
LAB-6;HEMOGRAMA;;BUCARAMANGA 3;29.600
LAB-6;HEMOGRAMA;;BUENAVENTURA;38.900
LAB-6;HEMOGRAMA;;BUGA;26.500
LAB-6;HEMOGRAMA;;CAJICA;22.400
LAB-6;HEMOGRAMA;;CARTAGENA;21.700
LAB-6;HEMOGRAMA;;CARTAGO;24.400
LAB-6;HEMOGRAMA;;CAUCASIA;33.750
LAB-6;HEMOGRAMA;;CHIA;19.700
LAB-6;HEMOGRAMA;;CUCUTA;19.700
LAB-6;HEMOGRAMA;;DUITAMA;22.200
LAB-6;HEMOGRAMA;;ESPINAL;18.200
LAB-6;HEMOGRAMA;;FLORENCIA;24.300
LAB-6;HEMOGRAMA;;FUNZA II;18.700
LAB-6;HEMOGRAMA;;GIRARDOT;22.400
LAB-6;HEMOGRAMA;;IBAGUE;19.950
LAB-6;HEMOGRAMA;;IPIALES I;26.500
LAB-6;HEMOGRAMA;;MADRID II;18.700
LAB-6;HEMOGRAMA;;MANIZALES 3;22.800
LAB-6;HEMOGRAMA;;MITU;68.000
LAB-6;HEMOGRAMA;;MONTELIBANO;33.750
LAB-6;HEMOGRAMA;;MONTERIA;26.650
LAB-6;HEMOGRAMA;;MOSQUERA;28.000
LAB-6;HEMOGRAMA;;NEIVA;25.800
LAB-6;HEMOGRAMA;;OCAÑA;38.600
LAB-6;HEMOGRAMA;;PASTO;20.700
LAB-6;HEMOGRAMA;;PEREIRA;21.500
LAB-6;HEMOGRAMA;;PITALITO;29.200
LAB-6;HEMOGRAMA;;PLANETA RICA;38.200
LAB-6;HEMOGRAMA;;POPAYAN;24.800
LAB-6;HEMOGRAMA;;PUERTO ASIS;30.000
LAB-6;HEMOGRAMA;;PUERTO BERRIO;30.000
LAB-6;HEMOGRAMA;;PUERTO GAITAN;13.900
LAB-6;HEMOGRAMA;;PUERTO TEJADA;29.300
LAB-6;HEMOGRAMA;;QUIBDO;38.500
LAB-6;HEMOGRAMA;;RIOHACHA;41.600
LAB-6;HEMOGRAMA;;SAN ANDRES- ISLA;34.700
LAB-6;HEMOGRAMA;;SAN GIL;32.300
LAB-6;HEMOGRAMA;;SAN JOSE DEL GUAVIARE;24.950
LAB-6;HEMOGRAMA;;SANTA MARTA;22.200
LAB-6;HEMOGRAMA;;SANTAFE DE ANTIOQUIA;40.800
LAB-6;HEMOGRAMA;;SINCELEJO;23.850
LAB-6;HEMOGRAMA;;SOACHA;25.700
LAB-6;HEMOGRAMA;;SOGAMOSO;41.300
LAB-6;HEMOGRAMA;;SOLEDAD;20.000
LAB-6;HEMOGRAMA;;TOCANCIPA;27.700
LAB-6;HEMOGRAMA;;TULUA;29.150
LAB-6;HEMOGRAMA;;TUMACO;30.400
LAB-6;HEMOGRAMA;;TURBO;21.100
LAB-6;HEMOGRAMA;;VALLEDUPAR;22.500
LAB-6;HEMOGRAMA;;VILLAVICENCIO;25.550
LAB-6;HEMOGRAMA;;YOPAL;28.550
LAB-62;TITULACIÓN ANTICUERPOS PARA HEPATITIS A;;BARRANQUILLA II;102.600
LAB-62;TITULACIÓN ANTICUERPOS PARA HEPATITIS A;;IBAGUE;68.900
LAB-62;TITULACIÓN ANTICUERPOS PARA HEPATITIS A;;VILLAVICENCIO;81.850
LAB-64;ALCOHOL EN SALIVA;;ACACIAS;54.950
LAB-64;ALCOHOL EN SALIVA;;AGUACHICA;46.000
LAB-64;ALCOHOL EN SALIVA;;APARTADO;58.000
LAB-64;ALCOHOL EN SALIVA;;ARAUCA;66.700
LAB-64;ALCOHOL EN SALIVA;;ARMENIA;43.500
LAB-64;ALCOHOL EN SALIVA;;BARRANCABERMEJA;33.750
LAB-64;ALCOHOL EN SALIVA;;BARRANQUILLA II;27.800
LAB-64;ALCOHOL EN SALIVA;;BUCARAMANGA 3;32.550
LAB-64;ALCOHOL EN SALIVA;;BUENAVENTURA;73.700
LAB-64;ALCOHOL EN SALIVA;;BUGA;54.950
LAB-64;ALCOHOL EN SALIVA;;CAJICA;46.400
LAB-64;ALCOHOL EN SALIVA;;CARTAGENA;28.350
LAB-64;ALCOHOL EN SALIVA;;CARTAGO;35.700
LAB-64;ALCOHOL EN SALIVA;;CUCUTA;45.050
LAB-64;ALCOHOL EN SALIVA;;DUITAMA;42.950
LAB-64;ALCOHOL EN SALIVA;;FLORENCIA;27.800
LAB-64;ALCOHOL EN SALIVA;;FUNZA II;41.300
LAB-64;ALCOHOL EN SALIVA;;IPIALES I;44.000
LAB-64;ALCOHOL EN SALIVA;;MADRID II;41.300
LAB-64;ALCOHOL EN SALIVA;;MANIZALES 3;28.350
LAB-64;ALCOHOL EN SALIVA;;MONTERIA;30.300
LAB-64;ALCOHOL EN SALIVA;;MOSQUERA;47.000
LAB-64;ALCOHOL EN SALIVA;;NEIVA;43.500
LAB-64;ALCOHOL EN SALIVA;;PASTO;28.350
LAB-64;ALCOHOL EN SALIVA;;PEREIRA;50.400
LAB-64;ALCOHOL EN SALIVA;;PITALITO;45.300
LAB-64;ALCOHOL EN SALIVA;;POPAYAN;43.500
LAB-64;ALCOHOL EN SALIVA;;PUERTO ASIS;84.600
LAB-64;ALCOHOL EN SALIVA;;PUERTO BERRIO;46.000
LAB-64;ALCOHOL EN SALIVA;;PUERTO GAITAN;37.300
LAB-64;ALCOHOL EN SALIVA;;PUERTO TEJADA;49.650
LAB-64;ALCOHOL EN SALIVA;;QUIBDO;180.000
LAB-64;ALCOHOL EN SALIVA;;RIOHACHA;71.550
LAB-64;ALCOHOL EN SALIVA;;SINCELEJO;33.600
LAB-64;ALCOHOL EN SALIVA;;SOACHA;58.300
LAB-64;ALCOHOL EN SALIVA;;SOGAMOSO;60.000
LAB-64;ALCOHOL EN SALIVA;;TOCANCIPA;48.300
LAB-64;ALCOHOL EN SALIVA;;TULUA;30.700
LAB-64;ALCOHOL EN SALIVA;;VALLEDUPAR;46.100
LAB-64;ALCOHOL EN SALIVA;;VILLAVICENCIO;51.650
LAB-64;ALCOHOL EN SALIVA;;YOPAL;66.100
LAB-7;FROTIS DE GARGANTA;;ACACIAS;17.900
LAB-7;FROTIS DE GARGANTA;;AGUACHICA;25.000
LAB-7;FROTIS DE GARGANTA;;APARTADO;25.500
LAB-7;FROTIS DE GARGANTA;;ARAUCA;22.600
LAB-7;FROTIS DE GARGANTA;;ARMENIA;21.600
LAB-7;FROTIS DE GARGANTA;;BARBOSA SANTANDER;18.600
LAB-7;FROTIS DE GARGANTA;;BARRANCABERMEJA;14.200
LAB-7;FROTIS DE GARGANTA;;BARRANQUILLA II;14.496
LAB-7;FROTIS DE GARGANTA;;BUCARAMANGA 3;14.250
LAB-7;FROTIS DE GARGANTA;;BUENAVENTURA;34.300
LAB-7;FROTIS DE GARGANTA;;BUGA;16.900
LAB-7;FROTIS DE GARGANTA;;CAJICA;16.700
LAB-7;FROTIS DE GARGANTA;;CARTAGENA;14.500
LAB-7;FROTIS DE GARGANTA;;CARTAGO;21.200
LAB-7;FROTIS DE GARGANTA;;CAUCASIA;27.700
LAB-7;FROTIS DE GARGANTA;;CHIA;17.900
LAB-7;FROTIS DE GARGANTA;;CUCUTA;14.900
LAB-7;FROTIS DE GARGANTA;;DUITAMA;22.200
LAB-7;FROTIS DE GARGANTA;;ESPINAL;20.800
LAB-7;FROTIS DE GARGANTA;;FLORENCIA;16.500
LAB-7;FROTIS DE GARGANTA;;FUNZA II;18.450
LAB-7;FROTIS DE GARGANTA;;GIRARDOT;17.100
LAB-7;FROTIS DE GARGANTA;;IBAGUE;14.900
LAB-7;FROTIS DE GARGANTA;;IPIALES I;18.700
LAB-7;FROTIS DE GARGANTA;;LETICIA;21.200
LAB-7;FROTIS DE GARGANTA;;LORICA;26.650
LAB-7;FROTIS DE GARGANTA;;MADRID II;18.450
LAB-7;FROTIS DE GARGANTA;;MANIZALES 3;14.720
LAB-7;FROTIS DE GARGANTA;;MONTELIBANO;27.700
LAB-7;FROTIS DE GARGANTA;;MONTERIA;24.600
LAB-7;FROTIS DE GARGANTA;;MOSQUERA;19.500
LAB-7;FROTIS DE GARGANTA;;NEIVA;16.650
LAB-7;FROTIS DE GARGANTA;;OCAÑA;22.400
LAB-7;FROTIS DE GARGANTA;;PASTO;14.250
LAB-7;FROTIS DE GARGANTA;;PEREIRA;14.900
LAB-7;FROTIS DE GARGANTA;;PITALITO;20.000
LAB-7;FROTIS DE GARGANTA;;POPAYAN;17.500
LAB-7;FROTIS DE GARGANTA;;PUERTO ASIS;26.100
LAB-7;FROTIS DE GARGANTA;;PUERTO BERRIO;26.300
LAB-7;FROTIS DE GARGANTA;;PUERTO CARREÑO;39.550
LAB-7;FROTIS DE GARGANTA;;PUERTO GAITAN;13.300
LAB-7;FROTIS DE GARGANTA;;PUERTO TEJADA;23.300
LAB-7;FROTIS DE GARGANTA;;QUIBDO;33.300
LAB-7;FROTIS DE GARGANTA;;RIOHACHA;29.200
LAB-7;FROTIS DE GARGANTA;;SAN ANDRES- ISLA;28.800
LAB-7;FROTIS DE GARGANTA;;SAN GIL;16.650
LAB-7;FROTIS DE GARGANTA;;SAN JOSE DEL GUAVIARE;26.200
LAB-7;FROTIS DE GARGANTA;;SANTA MARTA;14.400
LAB-7;FROTIS DE GARGANTA;;SANTAFE DE ANTIOQUIA;32.700
LAB-7;FROTIS DE GARGANTA;;SEGOVIA;30.450
LAB-7;FROTIS DE GARGANTA;;SINCELEJO;24.900
LAB-7;FROTIS DE GARGANTA;;SOACHA;22.400
LAB-7;FROTIS DE GARGANTA;;SOGAMOSO;24.000
LAB-7;FROTIS DE GARGANTA;;SOLEDAD;9.800
LAB-7;FROTIS DE GARGANTA;;TOCANCIPA;20.300
LAB-7;FROTIS DE GARGANTA;;TULUA;17.950
LAB-7;FROTIS DE GARGANTA;;TUMACO;33.400
LAB-7;FROTIS DE GARGANTA;;TUNJA;17.900
LAB-7;FROTIS DE GARGANTA;;TURBO;20.700
LAB-7;FROTIS DE GARGANTA;;VALLEDUPAR;20.800
LAB-7;FROTIS DE GARGANTA;;VILLAVICENCIO;17.300
LAB-7;FROTIS DE GARGANTA;;YOPAL;19.100
LAB-74;ACIDO URICO;;AGUACHICA;19.200
LAB-74;ACIDO URICO;;APARTADO;15.100
LAB-74;ACIDO URICO;;ARMENIA;19.600
LAB-74;ACIDO URICO;;BARRANQUILLA II;26.200
LAB-74;ACIDO URICO;;BUCARAMANGA 3;14.250
LAB-74;ACIDO URICO;;BUENAVENTURA;51.200
LAB-74;ACIDO URICO;;CAJICA;21.000
LAB-74;ACIDO URICO;;CARTAGENA;26.400
LAB-74;ACIDO URICO;;CHIA;18.700
LAB-74;ACIDO URICO;;CUCUTA;18.450
LAB-74;ACIDO URICO;;DUITAMA;17.750
LAB-74;ACIDO URICO;;FUNZA II;16.700
LAB-74;ACIDO URICO;;IBAGUE;16.900
LAB-74;ACIDO URICO;;MANIZALES 3;30.650
LAB-74;ACIDO URICO;;MONTERIA;26.650
LAB-74;ACIDO URICO;;MOSQUERA;21.200
LAB-74;ACIDO URICO;;NEIVA;19.900
LAB-74;ACIDO URICO;;OCAÑA;18.900
LAB-74;ACIDO URICO;;PEREIRA;20.600
LAB-74;ACIDO URICO;;POPAYAN;21.400
LAB-74;ACIDO URICO;;RIOHACHA;34.100
LAB-74;ACIDO URICO;;SANTA MARTA;12.600
LAB-74;ACIDO URICO;;SINCELEJO;25.450
LAB-74;ACIDO URICO;;SOGAMOSO;24.000
LAB-74;ACIDO URICO;;TUNJA;20.700
LAB-74;ACIDO URICO;;VALLEDUPAR;16.900
LAB-74;ACIDO URICO;;VILLAVICENCIO;26.500
LAB-74;ACIDO URICO;;YOPAL;25.000
LAB-8;FACTOR REMATOIDEO;;ACACIAS;56.900
LAB-8;FACTOR REMATOIDEO;;AGUACHICA;58.000
LAB-8;FACTOR REMATOIDEO;;APARTADO;97.800
LAB-8;FACTOR REMATOIDEO;;ARAUCA;49.200
LAB-8;FACTOR REMATOIDEO;;ARMENIA;27.900
LAB-8;FACTOR REMATOIDEO;;BARBOSA SANTANDER;25.600
LAB-8;FACTOR REMATOIDEO;;BARRANCABERMEJA;21.700
LAB-8;FACTOR REMATOIDEO;;BARRANQUILLA II;25.700
LAB-8;FACTOR REMATOIDEO;;BUCARAMANGA 3;44.000
LAB-8;FACTOR REMATOIDEO;;BUENAVENTURA;54.300
LAB-8;FACTOR REMATOIDEO;;BUGA;38.700
LAB-8;FACTOR REMATOIDEO;;CAJICA;33.700
LAB-8;FACTOR REMATOIDEO;;CARTAGENA;25.900
LAB-8;FACTOR REMATOIDEO;;CARTAGO;61.700
LAB-8;FACTOR REMATOIDEO;;CAUCASIA;32.300
LAB-8;FACTOR REMATOIDEO;;CHIA;31.000
LAB-8;FACTOR REMATOIDEO;;CUCUTA;19.700
LAB-8;FACTOR REMATOIDEO;;DUITAMA;42.200
LAB-8;FACTOR REMATOIDEO;;ESPINAL;30.450
LAB-8;FACTOR REMATOIDEO;;FLORENCIA;26.200
LAB-8;FACTOR REMATOIDEO;;FUNZA II;19.850
LAB-8;FACTOR REMATOIDEO;;IBAGUE;29.200
LAB-8;FACTOR REMATOIDEO;;IPIALES I;33.800
LAB-8;FACTOR REMATOIDEO;;LORICA;42.950
LAB-8;FACTOR REMATOIDEO;;MADRID II;19.850
LAB-8;FACTOR REMATOIDEO;;MANIZALES 3;35.100
LAB-8;FACTOR REMATOIDEO;;MONTELIBANO;32.300
LAB-8;FACTOR REMATOIDEO;;MONTERIA;37.950
LAB-8;FACTOR REMATOIDEO;;MOSQUERA;30.200
LAB-8;FACTOR REMATOIDEO;;NEIVA;45.000
LAB-8;FACTOR REMATOIDEO;;OCAÑA;41.900
LAB-8;FACTOR REMATOIDEO;;PASTO;29.700
LAB-8;FACTOR REMATOIDEO;;PEREIRA;19.900
LAB-8;FACTOR REMATOIDEO;;PITALITO;34.700
LAB-8;FACTOR REMATOIDEO;;POPAYAN;60.000
LAB-8;FACTOR REMATOIDEO;;PUERTO ASIS;61.700
LAB-8;FACTOR REMATOIDEO;;PUERTO BERRIO;59.800
LAB-8;FACTOR REMATOIDEO;;PUERTO GAITAN;28.850
LAB-8;FACTOR REMATOIDEO;;PUERTO TEJADA;54.300
LAB-8;FACTOR REMATOIDEO;;QUIBDO;77.300
LAB-8;FACTOR REMATOIDEO;;RIOHACHA;19.700
LAB-8;FACTOR REMATOIDEO;;SAN ANDRES- ISLA;33.700
LAB-8;FACTOR REMATOIDEO;;SAN GIL;17.500
LAB-8;FACTOR REMATOIDEO;;SAN JOSE DEL GUAVIARE;67.250
LAB-8;FACTOR REMATOIDEO;;SANTA MARTA;18.900
LAB-8;FACTOR REMATOIDEO;;SINCELEJO;41.450
LAB-8;FACTOR REMATOIDEO;;SOACHA;49.300
LAB-8;FACTOR REMATOIDEO;;SOGAMOSO;51.900
LAB-8;FACTOR REMATOIDEO;;SOLEDAD;54.300
LAB-8;FACTOR REMATOIDEO;;TOCANCIPA;25.000
LAB-8;FACTOR REMATOIDEO;;TULUA;20.000
LAB-8;FACTOR REMATOIDEO;;TUMACO;38.500
LAB-8;FACTOR REMATOIDEO;;TURBO;42.700
LAB-8;FACTOR REMATOIDEO;;VALLEDUPAR;19.200
LAB-8;FACTOR REMATOIDEO;;VILLAVICENCIO;30.750
LAB-8;FACTOR REMATOIDEO;;YOPAL;29.150
LAB-89;ANTIGENO PROSTATICO;;IBAGUE;92.750
MD-1;EXAMEN MEDICO OCUPACIONAL DE INGRESO;;ACACIAS;50.150
MD-1;EXAMEN MEDICO OCUPACIONAL DE INGRESO;;AGUACHICA;47.100
MD-1;EXAMEN MEDICO OCUPACIONAL DE INGRESO;;APARTADO;73.500
MD-1;EXAMEN MEDICO OCUPACIONAL DE INGRESO;;ARAUCA;64.050
MD-1;EXAMEN MEDICO OCUPACIONAL DE INGRESO;;ARMENIA;49.000
MD-1;EXAMEN MEDICO OCUPACIONAL DE INGRESO;;BARBOSA SANTANDER;62.800
MD-1;EXAMEN MEDICO OCUPACIONAL DE INGRESO;;BARRANCABERMEJA;35.300
MD-1;EXAMEN MEDICO OCUPACIONAL DE INGRESO;;BARRANQUILLA II;37.850
MD-1;EXAMEN MEDICO OCUPACIONAL DE INGRESO;;BUCARAMANGA 3;35.300
MD-1;EXAMEN MEDICO OCUPACIONAL DE INGRESO;;BUENAVENTURA;97.200
MD-1;EXAMEN MEDICO OCUPACIONAL DE INGRESO;;BUGA;44.250
MD-1;EXAMEN MEDICO OCUPACIONAL DE INGRESO;;CAJICA;39.300
MD-1;EXAMEN MEDICO OCUPACIONAL DE INGRESO;;CARTAGENA;37.850
MD-1;EXAMEN MEDICO OCUPACIONAL DE INGRESO;;CARTAGO;51.000
MD-1;EXAMEN MEDICO OCUPACIONAL DE INGRESO;;CAUCASIA;62.350
MD-1;EXAMEN MEDICO OCUPACIONAL DE INGRESO;;CHIA;46.100
MD-1;EXAMEN MEDICO OCUPACIONAL DE INGRESO;;CUCUTA;43.900
MD-1;EXAMEN MEDICO OCUPACIONAL DE INGRESO;;DUITAMA;40.000
MD-1;EXAMEN MEDICO OCUPACIONAL DE INGRESO;;ESPINAL;50.600
MD-1;EXAMEN MEDICO OCUPACIONAL DE INGRESO;;FLORENCIA;44.550
MD-1;EXAMEN MEDICO OCUPACIONAL DE INGRESO;;FUNZA II;33.950
MD-1;EXAMEN MEDICO OCUPACIONAL DE INGRESO;;GIRARDOT;40.000
MD-1;EXAMEN MEDICO OCUPACIONAL DE INGRESO;;IBAGUE;43.150
MD-1;EXAMEN MEDICO OCUPACIONAL DE INGRESO;;INIRIDA;131.450
MD-1;EXAMEN MEDICO OCUPACIONAL DE INGRESO;;IPIALES I;46.250
MD-1;EXAMEN MEDICO OCUPACIONAL DE INGRESO;;LETICIA;70.850
MD-1;EXAMEN MEDICO OCUPACIONAL DE INGRESO;;LORICA;47.400
MD-1;EXAMEN MEDICO OCUPACIONAL DE INGRESO;;MADRID II;33.950
MD-1;EXAMEN MEDICO OCUPACIONAL DE INGRESO;;MANIZALES 3;45.500
MD-1;EXAMEN MEDICO OCUPACIONAL DE INGRESO;;MITU;122.350
MD-1;EXAMEN MEDICO OCUPACIONAL DE INGRESO;;MONTELIBANO;62.350
MD-1;EXAMEN MEDICO OCUPACIONAL DE INGRESO;;MONTERIA;50.800
MD-1;EXAMEN MEDICO OCUPACIONAL DE INGRESO;;MOSQUERA;42.700
MD-1;EXAMEN MEDICO OCUPACIONAL DE INGRESO;;NEIVA;40.500
MD-1;EXAMEN MEDICO OCUPACIONAL DE INGRESO;;OCAÑA;59.700
MD-1;EXAMEN MEDICO OCUPACIONAL DE INGRESO;;PASTO;50.250
MD-1;EXAMEN MEDICO OCUPACIONAL DE INGRESO;;PEREIRA;45.800
MD-1;EXAMEN MEDICO OCUPACIONAL DE INGRESO;;PITALITO;52.300
MD-1;EXAMEN MEDICO OCUPACIONAL DE INGRESO;;PLANETA RICA;65.850
MD-1;EXAMEN MEDICO OCUPACIONAL DE INGRESO;;POPAYAN;56.400
MD-1;EXAMEN MEDICO OCUPACIONAL DE INGRESO;;PUERTO ASIS;101.500
MD-1;EXAMEN MEDICO OCUPACIONAL DE INGRESO;;PUERTO BERRIO;58.000
MD-1;EXAMEN MEDICO OCUPACIONAL DE INGRESO;;PUERTO CARREÑO;113.150
MD-1;EXAMEN MEDICO OCUPACIONAL DE INGRESO;;PUERTO GAITAN;37.000
MD-1;EXAMEN MEDICO OCUPACIONAL DE INGRESO;;PUERTO TEJADA;55.500
MD-1;EXAMEN MEDICO OCUPACIONAL DE INGRESO;;QUIBDO;78.800
MD-1;EXAMEN MEDICO OCUPACIONAL DE INGRESO;;RIOHACHA;60.450
MD-1;EXAMEN MEDICO OCUPACIONAL DE INGRESO;;SAN ANDRES- ISLA;93.500
MD-1;EXAMEN MEDICO OCUPACIONAL DE INGRESO;;SAN GIL;41.800
MD-1;EXAMEN MEDICO OCUPACIONAL DE INGRESO;;SAN JOSE DEL GUAVIARE;76.900
MD-1;EXAMEN MEDICO OCUPACIONAL DE INGRESO;;SANTA MARTA;38.600
MD-1;EXAMEN MEDICO OCUPACIONAL DE INGRESO;;SANTAFE DE ANTIOQUIA;85.550
MD-1;EXAMEN MEDICO OCUPACIONAL DE INGRESO;;SEGOVIA;60.000
MD-1;EXAMEN MEDICO OCUPACIONAL DE INGRESO;;SINCELEJO;43.150
MD-1;EXAMEN MEDICO OCUPACIONAL DE INGRESO;;SOACHA;45.700
MD-1;EXAMEN MEDICO OCUPACIONAL DE INGRESO;;SOLEDAD;36.300
MD-1;EXAMEN MEDICO OCUPACIONAL DE INGRESO;;TOCANCIPA;41.450
MD-1;EXAMEN MEDICO OCUPACIONAL DE INGRESO;;TULUA;40.500
MD-1;EXAMEN MEDICO OCUPACIONAL DE INGRESO;;TUMACO;50.600
MD-1;EXAMEN MEDICO OCUPACIONAL DE INGRESO;;TUNJA;38.900
MD-1;EXAMEN MEDICO OCUPACIONAL DE INGRESO;;TURBO;51.950
MD-1;EXAMEN MEDICO OCUPACIONAL DE INGRESO;;VALLEDUPAR;40.200
MD-1;EXAMEN MEDICO OCUPACIONAL DE INGRESO;;VILLAGARZON;90.650
MD-1;EXAMEN MEDICO OCUPACIONAL DE INGRESO;;VILLAVICENCIO;46.750
MD-1;EXAMEN MEDICO OCUPACIONAL DE INGRESO;;YOPAL;49.900
MD-2;EXAMEN MEDICO OCUPACIONAL PERIODICO;;ACACIAS;50.150
MD-2;EXAMEN MEDICO OCUPACIONAL PERIODICO;;AGUACHICA;47.100
MD-2;EXAMEN MEDICO OCUPACIONAL PERIODICO;;APARTADO;73.500
MD-2;EXAMEN MEDICO OCUPACIONAL PERIODICO;;ARAUCA;64.050
MD-2;EXAMEN MEDICO OCUPACIONAL PERIODICO;;ARMENIA;49.000
MD-2;EXAMEN MEDICO OCUPACIONAL PERIODICO;;BARBOSA SANTANDER;62.800
MD-2;EXAMEN MEDICO OCUPACIONAL PERIODICO;;BARRANCABERMEJA;35.300
MD-2;EXAMEN MEDICO OCUPACIONAL PERIODICO;;BARRANQUILLA II;37.850
MD-2;EXAMEN MEDICO OCUPACIONAL PERIODICO;;BUCARAMANGA 3;35.300
MD-2;EXAMEN MEDICO OCUPACIONAL PERIODICO;;BUENAVENTURA;94.800
MD-2;EXAMEN MEDICO OCUPACIONAL PERIODICO;;BUGA;44.250
MD-2;EXAMEN MEDICO OCUPACIONAL PERIODICO;;CAJICA;39.300
MD-2;EXAMEN MEDICO OCUPACIONAL PERIODICO;;CARTAGENA;37.850
MD-2;EXAMEN MEDICO OCUPACIONAL PERIODICO;;CARTAGO;51.000
MD-2;EXAMEN MEDICO OCUPACIONAL PERIODICO;;CAUCASIA;62.350
MD-2;EXAMEN MEDICO OCUPACIONAL PERIODICO;;CHIA;46.100
MD-2;EXAMEN MEDICO OCUPACIONAL PERIODICO;;CUCUTA;43.900
MD-2;EXAMEN MEDICO OCUPACIONAL PERIODICO;;DUITAMA;40.000
MD-2;EXAMEN MEDICO OCUPACIONAL PERIODICO;;ESPINAL;50.600
MD-2;EXAMEN MEDICO OCUPACIONAL PERIODICO;;FLORENCIA;44.550
MD-2;EXAMEN MEDICO OCUPACIONAL PERIODICO;;FUNZA II;33.950
MD-2;EXAMEN MEDICO OCUPACIONAL PERIODICO;;GIRARDOT;40.000
MD-2;EXAMEN MEDICO OCUPACIONAL PERIODICO;;IBAGUE;43.150
MD-2;EXAMEN MEDICO OCUPACIONAL PERIODICO;;INIRIDA;131.450
MD-2;EXAMEN MEDICO OCUPACIONAL PERIODICO;;IPIALES I;46.250
MD-2;EXAMEN MEDICO OCUPACIONAL PERIODICO;;LETICIA;70.850
MD-2;EXAMEN MEDICO OCUPACIONAL PERIODICO;;LORICA;47.400
MD-2;EXAMEN MEDICO OCUPACIONAL PERIODICO;;MADRID II;32.000
MD-2;EXAMEN MEDICO OCUPACIONAL PERIODICO;;MANIZALES 3;45.500
MD-2;EXAMEN MEDICO OCUPACIONAL PERIODICO;;MONTELIBANO;62.350
MD-2;EXAMEN MEDICO OCUPACIONAL PERIODICO;;MONTERIA;50.800
MD-2;EXAMEN MEDICO OCUPACIONAL PERIODICO;;MOSQUERA;42.700
MD-2;EXAMEN MEDICO OCUPACIONAL PERIODICO;;NEIVA;40.500
MD-2;EXAMEN MEDICO OCUPACIONAL PERIODICO;;OCAÑA;59.700
MD-2;EXAMEN MEDICO OCUPACIONAL PERIODICO;;PASTO;50.250
MD-2;EXAMEN MEDICO OCUPACIONAL PERIODICO;;PEREIRA;45.800
MD-2;EXAMEN MEDICO OCUPACIONAL PERIODICO;;PITALITO;52.300
MD-2;EXAMEN MEDICO OCUPACIONAL PERIODICO;;PLANETA RICA;65.850
MD-2;EXAMEN MEDICO OCUPACIONAL PERIODICO;;POPAYAN;56.400
MD-2;EXAMEN MEDICO OCUPACIONAL PERIODICO;;PUERTO ASIS;101.500
MD-2;EXAMEN MEDICO OCUPACIONAL PERIODICO;;PUERTO BERRIO;58.000
MD-2;EXAMEN MEDICO OCUPACIONAL PERIODICO;;PUERTO CARREÑO;113.150
MD-2;EXAMEN MEDICO OCUPACIONAL PERIODICO;;PUERTO GAITAN;37.000
MD-2;EXAMEN MEDICO OCUPACIONAL PERIODICO;;PUERTO TEJADA;55.500
MD-2;EXAMEN MEDICO OCUPACIONAL PERIODICO;;QUIBDO;78.800
MD-2;EXAMEN MEDICO OCUPACIONAL PERIODICO;;RIOHACHA;60.450
MD-2;EXAMEN MEDICO OCUPACIONAL PERIODICO;;SAN ANDRES- ISLA;93.500
MD-2;EXAMEN MEDICO OCUPACIONAL PERIODICO;;SAN GIL;41.800
MD-2;EXAMEN MEDICO OCUPACIONAL PERIODICO;;SAN JOSE DEL GUAVIARE;76.900
MD-2;EXAMEN MEDICO OCUPACIONAL PERIODICO;;SANTA MARTA;38.600
MD-2;EXAMEN MEDICO OCUPACIONAL PERIODICO;;SEGOVIA;60.000
MD-2;EXAMEN MEDICO OCUPACIONAL PERIODICO;;SINCELEJO;43.150
MD-2;EXAMEN MEDICO OCUPACIONAL PERIODICO;;SOACHA;45.700
MD-2;EXAMEN MEDICO OCUPACIONAL PERIODICO;;SOLEDAD;36.300
MD-2;EXAMEN MEDICO OCUPACIONAL PERIODICO;;TOCANCIPA;41.450
MD-2;EXAMEN MEDICO OCUPACIONAL PERIODICO;;TULUA;40.500
MD-2;EXAMEN MEDICO OCUPACIONAL PERIODICO;;TUMACO;50.600
MD-2;EXAMEN MEDICO OCUPACIONAL PERIODICO;;TUNJA;38.900
MD-2;EXAMEN MEDICO OCUPACIONAL PERIODICO;;TURBO;51.950
MD-2;EXAMEN MEDICO OCUPACIONAL PERIODICO;;VALLEDUPAR;40.200
MD-2;EXAMEN MEDICO OCUPACIONAL PERIODICO;;VILLAVICENCIO;46.750
MD-2;EXAMEN MEDICO OCUPACIONAL PERIODICO;;YOPAL;49.900
MD-3;EXAMEN MEDICO OCUPACIONAL DE EGRESO;;ACACIAS;50.150
MD-3;EXAMEN MEDICO OCUPACIONAL DE EGRESO;;AGUACHICA;47.100
MD-3;EXAMEN MEDICO OCUPACIONAL DE EGRESO;;APARTADO;73.500
MD-3;EXAMEN MEDICO OCUPACIONAL DE EGRESO;;ARAUCA;64.050
MD-3;EXAMEN MEDICO OCUPACIONAL DE EGRESO;;ARMENIA;49.000
MD-3;EXAMEN MEDICO OCUPACIONAL DE EGRESO;;BARRANCABERMEJA;35.300
MD-3;EXAMEN MEDICO OCUPACIONAL DE EGRESO;;BARRANQUILLA II;37.850
MD-3;EXAMEN MEDICO OCUPACIONAL DE EGRESO;;BUCARAMANGA 3;35.300
MD-3;EXAMEN MEDICO OCUPACIONAL DE EGRESO;;BUENAVENTURA;94.800
MD-3;EXAMEN MEDICO OCUPACIONAL DE EGRESO;;BUGA;44.250
MD-3;EXAMEN MEDICO OCUPACIONAL DE EGRESO;;CAJICA;39.300
MD-3;EXAMEN MEDICO OCUPACIONAL DE EGRESO;;CARTAGENA;37.850
MD-3;EXAMEN MEDICO OCUPACIONAL DE EGRESO;;CARTAGO;51.000
MD-3;EXAMEN MEDICO OCUPACIONAL DE EGRESO;;CAUCASIA;62.350
MD-3;EXAMEN MEDICO OCUPACIONAL DE EGRESO;;CHIA;46.100
MD-3;EXAMEN MEDICO OCUPACIONAL DE EGRESO;;CUCUTA;43.900
MD-3;EXAMEN MEDICO OCUPACIONAL DE EGRESO;;DUITAMA;40.000
MD-3;EXAMEN MEDICO OCUPACIONAL DE EGRESO;;ESPINAL;50.600
MD-3;EXAMEN MEDICO OCUPACIONAL DE EGRESO;;FLORENCIA;44.550
MD-3;EXAMEN MEDICO OCUPACIONAL DE EGRESO;;IBAGUE;43.150
MD-3;EXAMEN MEDICO OCUPACIONAL DE EGRESO;;IPIALES I;46.250
MD-3;EXAMEN MEDICO OCUPACIONAL DE EGRESO;;LETICIA;70.850
MD-3;EXAMEN MEDICO OCUPACIONAL DE EGRESO;;LORICA;47.400
MD-3;EXAMEN MEDICO OCUPACIONAL DE EGRESO;;MANIZALES 3;45.500
MD-3;EXAMEN MEDICO OCUPACIONAL DE EGRESO;;MONTELIBANO;62.350
MD-3;EXAMEN MEDICO OCUPACIONAL DE EGRESO;;MONTERIA;50.800
MD-3;EXAMEN MEDICO OCUPACIONAL DE EGRESO;;MOSQUERA;42.700
MD-3;EXAMEN MEDICO OCUPACIONAL DE EGRESO;;NEIVA;40.500
MD-3;EXAMEN MEDICO OCUPACIONAL DE EGRESO;;OCAÑA;59.700
MD-3;EXAMEN MEDICO OCUPACIONAL DE EGRESO;;PASTO;50.250
MD-3;EXAMEN MEDICO OCUPACIONAL DE EGRESO;;PEREIRA;45.800
MD-3;EXAMEN MEDICO OCUPACIONAL DE EGRESO;;PITALITO;52.300
MD-3;EXAMEN MEDICO OCUPACIONAL DE EGRESO;;PLANETA RICA;65.850
MD-3;EXAMEN MEDICO OCUPACIONAL DE EGRESO;;POPAYAN;56.400
MD-3;EXAMEN MEDICO OCUPACIONAL DE EGRESO;;PUERTO ASIS;101.500
MD-3;EXAMEN MEDICO OCUPACIONAL DE EGRESO;;PUERTO BERRIO;58.000
MD-3;EXAMEN MEDICO OCUPACIONAL DE EGRESO;;PUERTO GAITAN;37.000
MD-3;EXAMEN MEDICO OCUPACIONAL DE EGRESO;;PUERTO TEJADA;55.500
MD-3;EXAMEN MEDICO OCUPACIONAL DE EGRESO;;QUIBDO;78.800
MD-3;EXAMEN MEDICO OCUPACIONAL DE EGRESO;;RIOHACHA;60.450
MD-3;EXAMEN MEDICO OCUPACIONAL DE EGRESO;;SAN ANDRES- ISLA;93.500
MD-3;EXAMEN MEDICO OCUPACIONAL DE EGRESO;;SAN GIL;41.800
MD-3;EXAMEN MEDICO OCUPACIONAL DE EGRESO;;SAN JOSE DEL GUAVIARE;76.900
MD-3;EXAMEN MEDICO OCUPACIONAL DE EGRESO;;SANTA MARTA;38.600
MD-3;EXAMEN MEDICO OCUPACIONAL DE EGRESO;;SINCELEJO;43.150
MD-3;EXAMEN MEDICO OCUPACIONAL DE EGRESO;;SOACHA;45.700
MD-3;EXAMEN MEDICO OCUPACIONAL DE EGRESO;;SOLEDAD;36.300
MD-3;EXAMEN MEDICO OCUPACIONAL DE EGRESO;;TOCANCIPA;41.450
MD-3;EXAMEN MEDICO OCUPACIONAL DE EGRESO;;TULUA;40.500
MD-3;EXAMEN MEDICO OCUPACIONAL DE EGRESO;;TUMACO;50.600
MD-3;EXAMEN MEDICO OCUPACIONAL DE EGRESO;;TUNJA;38.900
MD-3;EXAMEN MEDICO OCUPACIONAL DE EGRESO;;TURBO;51.950
MD-3;EXAMEN MEDICO OCUPACIONAL DE EGRESO;;VALLEDUPAR;40.200
MD-3;EXAMEN MEDICO OCUPACIONAL DE EGRESO;;VILLAVICENCIO;46.750
MD-3;EXAMEN MEDICO OCUPACIONAL DE EGRESO;;YOPAL;49.900
MD-4;EVALUACION MEDICA PARA TRABAJO EN ALTURAS ;;ACACIAS;50.150
MD-4;EVALUACION MEDICA PARA TRABAJO EN ALTURAS ;;AGUACHICA;50.800
MD-4;EVALUACION MEDICA PARA TRABAJO EN ALTURAS ;;APARTADO;73.500
MD-4;EVALUACION MEDICA PARA TRABAJO EN ALTURAS ;;ARAUCA;64.050
MD-4;EVALUACION MEDICA PARA TRABAJO EN ALTURAS ;;ARMENIA;53.800
MD-4;EVALUACION MEDICA PARA TRABAJO EN ALTURAS ;;BARBOSA SANTANDER;62.800
MD-4;EVALUACION MEDICA PARA TRABAJO EN ALTURAS ;;BARRANCABERMEJA;35.700
MD-4;EVALUACION MEDICA PARA TRABAJO EN ALTURAS ;;BARRANQUILLA II;37.850
MD-4;EVALUACION MEDICA PARA TRABAJO EN ALTURAS ;;BUCARAMANGA 3;35.300
MD-4;EVALUACION MEDICA PARA TRABAJO EN ALTURAS ;;BUENAVENTURA;127.600
MD-4;EVALUACION MEDICA PARA TRABAJO EN ALTURAS ;;BUGA;48.250
MD-4;EVALUACION MEDICA PARA TRABAJO EN ALTURAS ;;CAJICA;39.300
MD-4;EVALUACION MEDICA PARA TRABAJO EN ALTURAS ;;CARTAGENA;41.250
MD-4;EVALUACION MEDICA PARA TRABAJO EN ALTURAS ;;CARTAGO;49.950
MD-4;EVALUACION MEDICA PARA TRABAJO EN ALTURAS ;;CAUCASIA;63.000
MD-4;EVALUACION MEDICA PARA TRABAJO EN ALTURAS ;;CHIA;50.250
MD-4;EVALUACION MEDICA PARA TRABAJO EN ALTURAS ;;CUCUTA;111.800
MD-4;EVALUACION MEDICA PARA TRABAJO EN ALTURAS ;;DUITAMA;50.500
MD-4;EVALUACION MEDICA PARA TRABAJO EN ALTURAS ;;ESPINAL;50.600
MD-4;EVALUACION MEDICA PARA TRABAJO EN ALTURAS ;;FLORENCIA;50.250
MD-4;EVALUACION MEDICA PARA TRABAJO EN ALTURAS ;;FUNZA II;34.700
MD-4;EVALUACION MEDICA PARA TRABAJO EN ALTURAS ;;GIRARDOT;44.000
MD-4;EVALUACION MEDICA PARA TRABAJO EN ALTURAS ;;IBAGUE;51.950
MD-4;EVALUACION MEDICA PARA TRABAJO EN ALTURAS ;;IPIALES I;58.500
MD-4;EVALUACION MEDICA PARA TRABAJO EN ALTURAS ;;LETICIA;57.300
MD-4;EVALUACION MEDICA PARA TRABAJO EN ALTURAS ;;LORICA;50.500
MD-4;EVALUACION MEDICA PARA TRABAJO EN ALTURAS ;;MADRID II;34.700
MD-4;EVALUACION MEDICA PARA TRABAJO EN ALTURAS ;;MANIZALES 3;50.150
MD-4;EVALUACION MEDICA PARA TRABAJO EN ALTURAS ;;MONTELIBANO;63.000
MD-4;EVALUACION MEDICA PARA TRABAJO EN ALTURAS ;;MONTERIA;56.200
MD-4;EVALUACION MEDICA PARA TRABAJO EN ALTURAS ;;MOSQUERA;42.700
MD-4;EVALUACION MEDICA PARA TRABAJO EN ALTURAS ;;NEIVA;45.400
MD-4;EVALUACION MEDICA PARA TRABAJO EN ALTURAS ;;OCAÑA;59.700
MD-4;EVALUACION MEDICA PARA TRABAJO EN ALTURAS ;;PASTO;50.250
MD-4;EVALUACION MEDICA PARA TRABAJO EN ALTURAS ;;PEREIRA;45.800
MD-4;EVALUACION MEDICA PARA TRABAJO EN ALTURAS ;;PITALITO;44.600
MD-4;EVALUACION MEDICA PARA TRABAJO EN ALTURAS ;;PLANETA RICA;65.850
MD-4;EVALUACION MEDICA PARA TRABAJO EN ALTURAS ;;POPAYAN;83.800
MD-4;EVALUACION MEDICA PARA TRABAJO EN ALTURAS ;;PUERTO ASIS;119.250
MD-4;EVALUACION MEDICA PARA TRABAJO EN ALTURAS ;;PUERTO BERRIO;81.450
MD-4;EVALUACION MEDICA PARA TRABAJO EN ALTURAS ;;PUERTO CARREÑO;113.150
MD-4;EVALUACION MEDICA PARA TRABAJO EN ALTURAS ;;PUERTO GAITAN;37.000
MD-4;EVALUACION MEDICA PARA TRABAJO EN ALTURAS ;;PUERTO TEJADA;56.950
MD-4;EVALUACION MEDICA PARA TRABAJO EN ALTURAS ;;QUIBDO;95.850
MD-4;EVALUACION MEDICA PARA TRABAJO EN ALTURAS ;;RIOHACHA;71.550
MD-4;EVALUACION MEDICA PARA TRABAJO EN ALTURAS ;;SAN GIL;52.200
MD-4;EVALUACION MEDICA PARA TRABAJO EN ALTURAS ;;SANTA MARTA;41.800
MD-4;EVALUACION MEDICA PARA TRABAJO EN ALTURAS ;;SANTAFE DE ANTIOQUIA;85.550
MD-4;EVALUACION MEDICA PARA TRABAJO EN ALTURAS ;;SEGOVIA;60.000
MD-4;EVALUACION MEDICA PARA TRABAJO EN ALTURAS ;;SINCELEJO;46.750
MD-4;EVALUACION MEDICA PARA TRABAJO EN ALTURAS ;;SOACHA;47.000
MD-4;EVALUACION MEDICA PARA TRABAJO EN ALTURAS ;;SOGAMOSO;50.700
MD-4;EVALUACION MEDICA PARA TRABAJO EN ALTURAS ;;SOLEDAD;36.300
MD-4;EVALUACION MEDICA PARA TRABAJO EN ALTURAS ;;TOCANCIPA;40.800
MD-4;EVALUACION MEDICA PARA TRABAJO EN ALTURAS ;;TULUA;38.500
MD-4;EVALUACION MEDICA PARA TRABAJO EN ALTURAS ;;TUMACO;50.600
MD-4;EVALUACION MEDICA PARA TRABAJO EN ALTURAS ;;TUNJA;44.900
MD-4;EVALUACION MEDICA PARA TRABAJO EN ALTURAS ;;TURBO;63.500
MD-4;EVALUACION MEDICA PARA TRABAJO EN ALTURAS ;;VALLEDUPAR;40.200
MD-4;EVALUACION MEDICA PARA TRABAJO EN ALTURAS ;;VILLAVICENCIO;46.750
MD-4;EVALUACION MEDICA PARA TRABAJO EN ALTURAS ;;YOPAL;49.900
MD-5;CONSULTA MEDICA ESPECIALIZADA;;ACACIAS;90.000
MD-5;CONSULTA MEDICA ESPECIALIZADA;;AGUACHICA;90.000
MD-5;CONSULTA MEDICA ESPECIALIZADA;;ARAUCA;90.000
MD-5;CONSULTA MEDICA ESPECIALIZADA;;ARMENIA;112.150
MD-5;CONSULTA MEDICA ESPECIALIZADA;;BARBOSA SANTANDER;90.000
MD-5;CONSULTA MEDICA ESPECIALIZADA;;BARRANCABERMEJA;90.000
MD-5;CONSULTA MEDICA ESPECIALIZADA;;BARRANQUILLA II;107.900
MD-5;CONSULTA MEDICA ESPECIALIZADA;;BUCARAMANGA 3;90.000
MD-5;CONSULTA MEDICA ESPECIALIZADA;;BUENAVENTURA;206.500
MD-5;CONSULTA MEDICA ESPECIALIZADA;;BUGA;90.000
MD-5;CONSULTA MEDICA ESPECIALIZADA;;CAJICA;90.000
MD-5;CONSULTA MEDICA ESPECIALIZADA;;CARTAGENA;90.000
MD-5;CONSULTA MEDICA ESPECIALIZADA;;CARTAGO;131.450
MD-5;CONSULTA MEDICA ESPECIALIZADA;;CAUCASIA;115.250
MD-5;CONSULTA MEDICA ESPECIALIZADA;;CHIA;90.000
MD-5;CONSULTA MEDICA ESPECIALIZADA;;CUCUTA;90.000
MD-5;CONSULTA MEDICA ESPECIALIZADA;;DUITAMA;90.000
MD-5;CONSULTA MEDICA ESPECIALIZADA;;ESPINAL;116.100
MD-5;CONSULTA MEDICA ESPECIALIZADA;;FLORENCIA;109.000
MD-5;CONSULTA MEDICA ESPECIALIZADA;;FUNZA II;90.000
MD-5;CONSULTA MEDICA ESPECIALIZADA;;GIRARDOT;90.000
MD-5;CONSULTA MEDICA ESPECIALIZADA;;IBAGUE;130.950
MD-5;CONSULTA MEDICA ESPECIALIZADA;;IPIALES I;90.000
MD-5;CONSULTA MEDICA ESPECIALIZADA;;LORICA;90.000
MD-5;CONSULTA MEDICA ESPECIALIZADA;;MADRID II;90.000
MD-5;CONSULTA MEDICA ESPECIALIZADA;;MANIZALES 3;101.050
MD-5;CONSULTA MEDICA ESPECIALIZADA;;MONTELIBANO;115.250
MD-5;CONSULTA MEDICA ESPECIALIZADA;;MONTERIA;111.100
MD-5;CONSULTA MEDICA ESPECIALIZADA;;MOSQUERA;90.000
MD-5;CONSULTA MEDICA ESPECIALIZADA;;NEIVA;109.000
MD-5;CONSULTA MEDICA ESPECIALIZADA;;OCAÑA;107.200
MD-5;CONSULTA MEDICA ESPECIALIZADA;;PASTO;90.100
MD-5;CONSULTA MEDICA ESPECIALIZADA;;PEREIRA;103.900
MD-5;CONSULTA MEDICA ESPECIALIZADA;;PITALITO;90.000
MD-5;CONSULTA MEDICA ESPECIALIZADA;;POPAYAN;120.500
MD-5;CONSULTA MEDICA ESPECIALIZADA;;PUERTO ASIS;119.250
MD-5;CONSULTA MEDICA ESPECIALIZADA;;PUERTO BERRIO;131.450
MD-5;CONSULTA MEDICA ESPECIALIZADA;;PUERTO GAITAN;90.000
MD-5;CONSULTA MEDICA ESPECIALIZADA;;PUERTO TEJADA;158.100
MD-5;CONSULTA MEDICA ESPECIALIZADA;;QUIBDO;261.300
MD-5;CONSULTA MEDICA ESPECIALIZADA;;RIOHACHA;103.600
MD-5;CONSULTA MEDICA ESPECIALIZADA;;SAN ANDRES- ISLA;198.500
MD-5;CONSULTA MEDICA ESPECIALIZADA;;SAN GIL;90.000
MD-5;CONSULTA MEDICA ESPECIALIZADA;;SANTA MARTA;90.000
MD-5;CONSULTA MEDICA ESPECIALIZADA;;SINCELEJO;90.000
MD-5;CONSULTA MEDICA ESPECIALIZADA;;SOACHA;90.000
MD-5;CONSULTA MEDICA ESPECIALIZADA;;SOGAMOSO;90.000
MD-5;CONSULTA MEDICA ESPECIALIZADA;;TOCANCIPA;90.000
MD-5;CONSULTA MEDICA ESPECIALIZADA;;TULUA;90.000
MD-5;CONSULTA MEDICA ESPECIALIZADA;;TUMACO;90.000
MD-5;CONSULTA MEDICA ESPECIALIZADA;;TUNJA;90.000
MD-5;CONSULTA MEDICA ESPECIALIZADA;;TURBO;113.150
MD-5;CONSULTA MEDICA ESPECIALIZADA;;VALLEDUPAR;90.000
MD-5;CONSULTA MEDICA ESPECIALIZADA;;VILLAVICENCIO;90.000
MD-5;CONSULTA MEDICA ESPECIALIZADA;;YOPAL;90.000
OPTO-1;EXAMEN OPTOMETRICO OCUPACIONAL;;ACACIAS;30.550
OPTO-1;EXAMEN OPTOMETRICO OCUPACIONAL;;AGUACHICA;40.200
OPTO-1;EXAMEN OPTOMETRICO OCUPACIONAL;;APARTADO;57.100
OPTO-1;EXAMEN OPTOMETRICO OCUPACIONAL;;ARAUCA;42.300
OPTO-1;EXAMEN OPTOMETRICO OCUPACIONAL;;ARMENIA;35.900
OPTO-1;EXAMEN OPTOMETRICO OCUPACIONAL;;BARBOSA SANTANDER;42.800
OPTO-1;EXAMEN OPTOMETRICO OCUPACIONAL;;BARRANCABERMEJA;24.850
OPTO-1;EXAMEN OPTOMETRICO OCUPACIONAL;;BARRANQUILLA II;40.000
OPTO-1;EXAMEN OPTOMETRICO OCUPACIONAL;;BUCARAMANGA 3;25.550
OPTO-1;EXAMEN OPTOMETRICO OCUPACIONAL;;BUENAVENTURA;50.500
OPTO-1;EXAMEN OPTOMETRICO OCUPACIONAL;;BUGA;30.450
OPTO-1;EXAMEN OPTOMETRICO OCUPACIONAL;;CAJICA;39.300
OPTO-1;EXAMEN OPTOMETRICO OCUPACIONAL;;CARTAGENA;28.200
OPTO-1;EXAMEN OPTOMETRICO OCUPACIONAL;;CARTAGO;39.650
OPTO-1;EXAMEN OPTOMETRICO OCUPACIONAL;;CAUCASIA;33.750
OPTO-1;EXAMEN OPTOMETRICO OCUPACIONAL;;CHIA;34.450
OPTO-1;EXAMEN OPTOMETRICO OCUPACIONAL;;CUCUTA;29.150
OPTO-1;EXAMEN OPTOMETRICO OCUPACIONAL;;DUITAMA;26.650
OPTO-1;EXAMEN OPTOMETRICO OCUPACIONAL;;ESPINAL;55.600
OPTO-1;EXAMEN OPTOMETRICO OCUPACIONAL;;FLORENCIA;39.800
OPTO-1;EXAMEN OPTOMETRICO OCUPACIONAL;;FUNZA II;32.550
OPTO-1;EXAMEN OPTOMETRICO OCUPACIONAL;;GIRARDOT;32.000
OPTO-1;EXAMEN OPTOMETRICO OCUPACIONAL;;IBAGUE;31.000
OPTO-1;EXAMEN OPTOMETRICO OCUPACIONAL;;IPIALES I;32.450
OPTO-1;EXAMEN OPTOMETRICO OCUPACIONAL;;LETICIA;51.650
OPTO-1;EXAMEN OPTOMETRICO OCUPACIONAL;;LORICA;35.550
OPTO-1;EXAMEN OPTOMETRICO OCUPACIONAL;;MADRID II;32.550
OPTO-1;EXAMEN OPTOMETRICO OCUPACIONAL;;MANIZALES 3;32.450
OPTO-1;EXAMEN OPTOMETRICO OCUPACIONAL;;MITU;131.450
OPTO-1;EXAMEN OPTOMETRICO OCUPACIONAL;;MONTELIBANO;33.750
OPTO-1;EXAMEN OPTOMETRICO OCUPACIONAL;;MONTERIA;36.700
OPTO-1;EXAMEN OPTOMETRICO OCUPACIONAL;;MOSQUERA;41.600
OPTO-1;EXAMEN OPTOMETRICO OCUPACIONAL;;NEIVA;29.100
OPTO-1;EXAMEN OPTOMETRICO OCUPACIONAL;;OCAÑA;38.600
OPTO-1;EXAMEN OPTOMETRICO OCUPACIONAL;;PASTO;34.450
OPTO-1;EXAMEN OPTOMETRICO OCUPACIONAL;;PEREIRA;24.700
OPTO-1;EXAMEN OPTOMETRICO OCUPACIONAL;;PITALITO;45.300
OPTO-1;EXAMEN OPTOMETRICO OCUPACIONAL;;PLANETA RICA;36.150
OPTO-1;EXAMEN OPTOMETRICO OCUPACIONAL;;POPAYAN;43.800
OPTO-1;EXAMEN OPTOMETRICO OCUPACIONAL;;PUERTO ASIS;52.300
OPTO-1;EXAMEN OPTOMETRICO OCUPACIONAL;;PUERTO BERRIO;43.100
OPTO-1;EXAMEN OPTOMETRICO OCUPACIONAL;;PUERTO CARREÑO;62.700
OPTO-1;EXAMEN OPTOMETRICO OCUPACIONAL;;PUERTO GAITAN;22.400
OPTO-1;EXAMEN OPTOMETRICO OCUPACIONAL;;PUERTO TEJADA;38.800
OPTO-1;EXAMEN OPTOMETRICO OCUPACIONAL;;QUIBDO;86.700
OPTO-1;EXAMEN OPTOMETRICO OCUPACIONAL;;RIOHACHA;39.500
OPTO-1;EXAMEN OPTOMETRICO OCUPACIONAL;;SAN ANDRES- ISLA;49.800
OPTO-1;EXAMEN OPTOMETRICO OCUPACIONAL;;SAN GIL;28.500
OPTO-1;EXAMEN OPTOMETRICO OCUPACIONAL;;SAN JOSE DEL GUAVIARE;73.800
OPTO-1;EXAMEN OPTOMETRICO OCUPACIONAL;;SANTA MARTA;34.450
OPTO-1;EXAMEN OPTOMETRICO OCUPACIONAL;;SINCELEJO;30.100
OPTO-1;EXAMEN OPTOMETRICO OCUPACIONAL;;SOACHA;30.300
OPTO-1;EXAMEN OPTOMETRICO OCUPACIONAL;;SOGAMOSO;37.900
OPTO-1;EXAMEN OPTOMETRICO OCUPACIONAL;;SOLEDAD;27.700
OPTO-1;EXAMEN OPTOMETRICO OCUPACIONAL;;TOCANCIPA;33.950
OPTO-1;EXAMEN OPTOMETRICO OCUPACIONAL;;TULUA;32.800
OPTO-1;EXAMEN OPTOMETRICO OCUPACIONAL;;TUMACO;52.000
OPTO-1;EXAMEN OPTOMETRICO OCUPACIONAL;;TUNJA;30.250
OPTO-1;EXAMEN OPTOMETRICO OCUPACIONAL;;TURBO;48.000
OPTO-1;EXAMEN OPTOMETRICO OCUPACIONAL;;VALLEDUPAR;32.700
OPTO-1;EXAMEN OPTOMETRICO OCUPACIONAL;;VILLAGARZON;40.500
OPTO-1;EXAMEN OPTOMETRICO OCUPACIONAL;;VILLAVICENCIO;34.350
OPTO-1;EXAMEN OPTOMETRICO OCUPACIONAL;;YOPAL;28.900
OPTO-2;VISIOMETRIA OCUPACIONAL;;ACACIAS;34.250
OPTO-2;VISIOMETRIA OCUPACIONAL;;AGUACHICA;24.000
OPTO-2;VISIOMETRIA OCUPACIONAL;;APARTADO;46.800
OPTO-2;VISIOMETRIA OCUPACIONAL;;ARAUCA;39.350
OPTO-2;VISIOMETRIA OCUPACIONAL;;ARMENIA;20.700
OPTO-2;VISIOMETRIA OCUPACIONAL;;BARBOSA SANTANDER;12.900
OPTO-2;VISIOMETRIA OCUPACIONAL;;BARRANCABERMEJA;18.400
OPTO-2;VISIOMETRIA OCUPACIONAL;;BARRANQUILLA II;20.400
OPTO-2;VISIOMETRIA OCUPACIONAL;;BUCARAMANGA 3;19.100
OPTO-2;VISIOMETRIA OCUPACIONAL;;BUENAVENTURA;33.100
OPTO-2;VISIOMETRIA OCUPACIONAL;;BUGA;24.200
OPTO-2;VISIOMETRIA OCUPACIONAL;;CAJICA;29.400
OPTO-2;VISIOMETRIA OCUPACIONAL;;CARTAGENA;20.500
OPTO-2;VISIOMETRIA OCUPACIONAL;;CARTAGO;26.300
OPTO-2;VISIOMETRIA OCUPACIONAL;;CAUCASIA;18.700
OPTO-2;VISIOMETRIA OCUPACIONAL;;CHIA;31.500
OPTO-2;VISIOMETRIA OCUPACIONAL;;CUCUTA;30.250
OPTO-2;VISIOMETRIA OCUPACIONAL;;DUITAMA;26.950
OPTO-2;VISIOMETRIA OCUPACIONAL;;ESPINAL;35.950
OPTO-2;VISIOMETRIA OCUPACIONAL;;FLORENCIA;35.200
OPTO-2;VISIOMETRIA OCUPACIONAL;;FUNZA II;24.100
OPTO-2;VISIOMETRIA OCUPACIONAL;;GIRARDOT;23.300
OPTO-2;VISIOMETRIA OCUPACIONAL;;IBAGUE;27.350
OPTO-2;VISIOMETRIA OCUPACIONAL;;INIRIDA;85.550
OPTO-2;VISIOMETRIA OCUPACIONAL;;IPIALES I;27.700
OPTO-2;VISIOMETRIA OCUPACIONAL;;LETICIA;50.700
OPTO-2;VISIOMETRIA OCUPACIONAL;;LORICA;24.900
OPTO-2;VISIOMETRIA OCUPACIONAL;;MADRID II;24.100
OPTO-2;VISIOMETRIA OCUPACIONAL;;MANIZALES 3;23.250
OPTO-2;VISIOMETRIA OCUPACIONAL;;MITU;39.500
OPTO-2;VISIOMETRIA OCUPACIONAL;;MONTELIBANO;22.400
OPTO-2;VISIOMETRIA OCUPACIONAL;;MONTERIA;22.600
OPTO-2;VISIOMETRIA OCUPACIONAL;;MOSQUERA;28.900
OPTO-2;VISIOMETRIA OCUPACIONAL;;NEIVA;26.500
OPTO-2;VISIOMETRIA OCUPACIONAL;;OCAÑA;37.000
OPTO-2;VISIOMETRIA OCUPACIONAL;;PASTO;36.700
OPTO-2;VISIOMETRIA OCUPACIONAL;;PEREIRA;22.700
OPTO-2;VISIOMETRIA OCUPACIONAL;;PITALITO;29.200
OPTO-2;VISIOMETRIA OCUPACIONAL;;PLANETA RICA;21.400
OPTO-2;VISIOMETRIA OCUPACIONAL;;POPAYAN;43.800
OPTO-2;VISIOMETRIA OCUPACIONAL;;PUERTO ASIS;41.500
OPTO-2;VISIOMETRIA OCUPACIONAL;;PUERTO BERRIO;27.500
OPTO-2;VISIOMETRIA OCUPACIONAL;;PUERTO CARREÑO;58.000
OPTO-2;VISIOMETRIA OCUPACIONAL;;PUERTO GAITAN;22.500
OPTO-2;VISIOMETRIA OCUPACIONAL;;PUERTO TEJADA;23.200
OPTO-2;VISIOMETRIA OCUPACIONAL;;QUIBDO;78.700
OPTO-2;VISIOMETRIA OCUPACIONAL;;RIOHACHA;36.400
OPTO-2;VISIOMETRIA OCUPACIONAL;;SAN ANDRES- ISLA;43.200
OPTO-2;VISIOMETRIA OCUPACIONAL;;SAN GIL;20.800
OPTO-2;VISIOMETRIA OCUPACIONAL;;SAN JOSE DEL GUAVIARE;48.800
OPTO-2;VISIOMETRIA OCUPACIONAL;;SANTA MARTA;20.800
OPTO-2;VISIOMETRIA OCUPACIONAL;;SANTAFE DE ANTIOQUIA;47.000
OPTO-2;VISIOMETRIA OCUPACIONAL;;SEGOVIA;22.700
OPTO-2;VISIOMETRIA OCUPACIONAL;;SINCELEJO;23.850
OPTO-2;VISIOMETRIA OCUPACIONAL;;SOACHA;27.600
OPTO-2;VISIOMETRIA OCUPACIONAL;;SOGAMOSO;37.100
OPTO-2;VISIOMETRIA OCUPACIONAL;;SOLEDAD;17.500
OPTO-2;VISIOMETRIA OCUPACIONAL;;TOCANCIPA;32.550
OPTO-2;VISIOMETRIA OCUPACIONAL;;TULUA;26.300
OPTO-2;VISIOMETRIA OCUPACIONAL;;TUMACO;45.100
OPTO-2;VISIOMETRIA OCUPACIONAL;;TUNJA;26.700
OPTO-2;VISIOMETRIA OCUPACIONAL;;TURBO;30.350
OPTO-2;VISIOMETRIA OCUPACIONAL;;VALLEDUPAR;29.300
OPTO-2;VISIOMETRIA OCUPACIONAL;;VILLAVICENCIO;34.350
OPTO-2;VISIOMETRIA OCUPACIONAL;;YOPAL;25.600
PSICO-1;PRUEBA PSICOSENSOMETRICA;;ACACIAS;74.550
PSICO-1;PRUEBA PSICOSENSOMETRICA;;AGUACHICA;72.600
PSICO-1;PRUEBA PSICOSENSOMETRICA;;APARTADO;77.850
PSICO-1;PRUEBA PSICOSENSOMETRICA;;ARAUCA;207.550
PSICO-1;PRUEBA PSICOSENSOMETRICA;;ARMENIA;75.900
PSICO-1;PRUEBA PSICOSENSOMETRICA;;BARRANCABERMEJA;66.800
PSICO-1;PRUEBA PSICOSENSOMETRICA;;BARRANQUILLA II;64.800
PSICO-1;PRUEBA PSICOSENSOMETRICA;;BUCARAMANGA 3;67.850
PSICO-1;PRUEBA PSICOSENSOMETRICA;;BUENAVENTURA;145.700
PSICO-1;PRUEBA PSICOSENSOMETRICA;;BUGA;77.600
PSICO-1;PRUEBA PSICOSENSOMETRICA;;CAJICA;40.700
PSICO-1;PRUEBA PSICOSENSOMETRICA;;CARTAGENA;58.200
PSICO-1;PRUEBA PSICOSENSOMETRICA;;CARTAGO;68.400
PSICO-1;PRUEBA PSICOSENSOMETRICA;;CAUCASIA;101.550
PSICO-1;PRUEBA PSICOSENSOMETRICA;;CHIA;53.100
PSICO-1;PRUEBA PSICOSENSOMETRICA;;CUCUTA;61.500
PSICO-1;PRUEBA PSICOSENSOMETRICA;;DUITAMA;54.950
PSICO-1;PRUEBA PSICOSENSOMETRICA;;ESPINAL;63.000
PSICO-1;PRUEBA PSICOSENSOMETRICA;;FLORENCIA;67.500
PSICO-1;PRUEBA PSICOSENSOMETRICA;;FUNZA II;74.950
PSICO-1;PRUEBA PSICOSENSOMETRICA;;IBAGUE;48.450
PSICO-1;PRUEBA PSICOSENSOMETRICA;;IPIALES I;53.800
PSICO-1;PRUEBA PSICOSENSOMETRICA;;LORICA;82.300
PSICO-1;PRUEBA PSICOSENSOMETRICA;;MADRID II;74.950
PSICO-1;PRUEBA PSICOSENSOMETRICA;;MANIZALES 3;82.600
PSICO-1;PRUEBA PSICOSENSOMETRICA;;MONTELIBANO;101.550
PSICO-1;PRUEBA PSICOSENSOMETRICA;;MONTERIA;81.850
PSICO-1;PRUEBA PSICOSENSOMETRICA;;MOSQUERA;77.600
PSICO-1;PRUEBA PSICOSENSOMETRICA;;NEIVA;78.000
PSICO-1;PRUEBA PSICOSENSOMETRICA;;OCAÑA;149.050
PSICO-1;PRUEBA PSICOSENSOMETRICA;;PASTO;64.250
PSICO-1;PRUEBA PSICOSENSOMETRICA;;PEREIRA;68.800
PSICO-1;PRUEBA PSICOSENSOMETRICA;;PITALITO;52.300
PSICO-1;PRUEBA PSICOSENSOMETRICA;;PLANETA RICA;110.800
PSICO-1;PRUEBA PSICOSENSOMETRICA;;POPAYAN;73.300
PSICO-1;PRUEBA PSICOSENSOMETRICA;;PUERTO ASIS;61.500
PSICO-1;PRUEBA PSICOSENSOMETRICA;;PUERTO BERRIO;107.400
PSICO-1;PRUEBA PSICOSENSOMETRICA;;PUERTO GAITAN;51.450
PSICO-1;PRUEBA PSICOSENSOMETRICA;;PUERTO TEJADA;92.250
PSICO-1;PRUEBA PSICOSENSOMETRICA;;QUIBDO;162.100
PSICO-1;PRUEBA PSICOSENSOMETRICA;;RIOHACHA;141.000
PSICO-1;PRUEBA PSICOSENSOMETRICA;;SAN ANDRES- ISLA;69.200
PSICO-1;PRUEBA PSICOSENSOMETRICA;;SAN GIL;53.100
PSICO-1;PRUEBA PSICOSENSOMETRICA;;SAN JOSE DEL GUAVIARE;96.800
PSICO-1;PRUEBA PSICOSENSOMETRICA;;SANTA MARTA;55.900
PSICO-1;PRUEBA PSICOSENSOMETRICA;;SEGOVIA;107.000
PSICO-1;PRUEBA PSICOSENSOMETRICA;;SINCELEJO;87.600
PSICO-1;PRUEBA PSICOSENSOMETRICA;;SOACHA;41.500
PSICO-1;PRUEBA PSICOSENSOMETRICA;;SOGAMOSO;99.900
PSICO-1;PRUEBA PSICOSENSOMETRICA;;SOLEDAD;61.200
PSICO-1;PRUEBA PSICOSENSOMETRICA;;TOCANCIPA;72.650
PSICO-1;PRUEBA PSICOSENSOMETRICA;;TULUA;63.100
PSICO-1;PRUEBA PSICOSENSOMETRICA;;TURBO;54.950
PSICO-1;PRUEBA PSICOSENSOMETRICA;;VALLEDUPAR;73.050
PSICO-1;PRUEBA PSICOSENSOMETRICA;;VILLAVICENCIO;71.050
PSICO-1;PRUEBA PSICOSENSOMETRICA;;YOPAL;85.500
PSICO-15;PRUEBA PSICOTECNICA 16PF;;CARTAGENA;78.450
PSICO-15;PRUEBA PSICOTECNICA 16PF;;IBAGUE;47.200
PSICO-15;PRUEBA PSICOTECNICA 16PF;;RIOHACHA;134.300
PSICO-15;PRUEBA PSICOTECNICA 16PF;;VALLEDUPAR;130.400
PSICO-3;EXAMEN PSICOLOGICO - EVALUACION PSICOLOGICA;;ARMENIA;50.800
PSICO-3;EXAMEN PSICOLOGICO - EVALUACION PSICOLOGICA;;BARRANQUILLA II;101.600
PSICO-3;EXAMEN PSICOLOGICO - EVALUACION PSICOLOGICA;;BUCARAMANGA 3;67.850
PSICO-3;EXAMEN PSICOLOGICO - EVALUACION PSICOLOGICA;;CARTAGENA;97.100
PSICO-3;EXAMEN PSICOLOGICO - EVALUACION PSICOLOGICA;;CARTAGO;64.250
PSICO-3;EXAMEN PSICOLOGICO - EVALUACION PSICOLOGICA;;CHIA;55.450
PSICO-3;EXAMEN PSICOLOGICO - EVALUACION PSICOLOGICA;;CUCUTA;78.400
PSICO-3;EXAMEN PSICOLOGICO - EVALUACION PSICOLOGICA;;DUITAMA;32.550
PSICO-3;EXAMEN PSICOLOGICO - EVALUACION PSICOLOGICA;;IBAGUE;47.200
PSICO-3;EXAMEN PSICOLOGICO - EVALUACION PSICOLOGICA;;MOSQUERA;46.100
PSICO-3;EXAMEN PSICOLOGICO - EVALUACION PSICOLOGICA;;NEIVA;62.050
PSICO-3;EXAMEN PSICOLOGICO - EVALUACION PSICOLOGICA;;PASTO;68.700
PSICO-3;EXAMEN PSICOLOGICO - EVALUACION PSICOLOGICA;;PEREIRA;71.050
PSICO-3;EXAMEN PSICOLOGICO - EVALUACION PSICOLOGICA;;PLANETA RICA;33.100
PSICO-3;EXAMEN PSICOLOGICO - EVALUACION PSICOLOGICA;;POPAYAN;84.100
PSICO-3;EXAMEN PSICOLOGICO - EVALUACION PSICOLOGICA;;PUERTO TEJADA;195.600
PSICO-3;EXAMEN PSICOLOGICO - EVALUACION PSICOLOGICA;;RIOHACHA;75.900
PSICO-3;EXAMEN PSICOLOGICO - EVALUACION PSICOLOGICA;;SANTA MARTA;55.500
PSICO-3;EXAMEN PSICOLOGICO - EVALUACION PSICOLOGICA;;SINCELEJO;55.550
PSICO-3;EXAMEN PSICOLOGICO - EVALUACION PSICOLOGICA;;SOGAMOSO;70.400
PSICO-3;EXAMEN PSICOLOGICO - EVALUACION PSICOLOGICA;;TUNJA;48.200
PSICO-3;EXAMEN PSICOLOGICO - EVALUACION PSICOLOGICA;;VILLAVICENCIO;87.050
PSICO-3;EXAMEN PSICOLOGICO - EVALUACION PSICOLOGICA;;YOPAL;85.500
PSICO-9;TEST DE CLAUSTROFOBIA;;AGUACHICA;43.500
PSICO-9;TEST DE CLAUSTROFOBIA;;APARTADO;71.050
PSICO-9;TEST DE CLAUSTROFOBIA;;ARMENIA;61.500
PSICO-9;TEST DE CLAUSTROFOBIA;;BARRANCABERMEJA;67.850
PSICO-9;TEST DE CLAUSTROFOBIA;;BARRANQUILLA II;60.100
PSICO-9;TEST DE CLAUSTROFOBIA;;BUCARAMANGA 3;43.500
PSICO-9;TEST DE CLAUSTROFOBIA;;BUENAVENTURA;127.700
PSICO-9;TEST DE CLAUSTROFOBIA;;BUGA;45.600
PSICO-9;TEST DE CLAUSTROFOBIA;;CAJICA;45.000
PSICO-9;TEST DE CLAUSTROFOBIA;;CARTAGENA;92.800
PSICO-9;TEST DE CLAUSTROFOBIA;;CAUCASIA;42.000
PSICO-9;TEST DE CLAUSTROFOBIA;;CHIA;62.350
PSICO-9;TEST DE CLAUSTROFOBIA;;CUCUTA;81.650
PSICO-9;TEST DE CLAUSTROFOBIA;;DUITAMA;32.000
PSICO-9;TEST DE CLAUSTROFOBIA;;ESPINAL;64.150
PSICO-9;TEST DE CLAUSTROFOBIA;;IBAGUE;51.650
PSICO-9;TEST DE CLAUSTROFOBIA;;MADRID II;39.100
PSICO-9;TEST DE CLAUSTROFOBIA;;MANIZALES 3;75.900
PSICO-9;TEST DE CLAUSTROFOBIA;;MONTELIBANO;42.000
PSICO-9;TEST DE CLAUSTROFOBIA;;MONTERIA;100.950
PSICO-9;TEST DE CLAUSTROFOBIA;;MOSQUERA;40.200
PSICO-9;TEST DE CLAUSTROFOBIA;;NEIVA;42.100
PSICO-9;TEST DE CLAUSTROFOBIA;;OCAÑA;60.000
PSICO-9;TEST DE CLAUSTROFOBIA;;PASTO;70.000
PSICO-9;TEST DE CLAUSTROFOBIA;;PEREIRA;60.850
PSICO-9;TEST DE CLAUSTROFOBIA;;PITALITO;43.500
PSICO-9;TEST DE CLAUSTROFOBIA;;PLANETA RICA;42.000
PSICO-9;TEST DE CLAUSTROFOBIA;;POPAYAN;81.500
PSICO-9;TEST DE CLAUSTROFOBIA;;PUERTO BERRIO;45.000
PSICO-9;TEST DE CLAUSTROFOBIA;;PUERTO GAITAN;43.500
PSICO-9;TEST DE CLAUSTROFOBIA;;PUERTO TEJADA;174.400
PSICO-9;TEST DE CLAUSTROFOBIA;;SAN GIL;43.500
PSICO-9;TEST DE CLAUSTROFOBIA;;SANTA MARTA;55.050
PSICO-9;TEST DE CLAUSTROFOBIA;;SEGOVIA;110.700
PSICO-9;TEST DE CLAUSTROFOBIA;;SINCELEJO;27.250
PSICO-9;TEST DE CLAUSTROFOBIA;;SOACHA;48.350
PSICO-9;TEST DE CLAUSTROFOBIA;;SOGAMOSO;82.100
PSICO-9;TEST DE CLAUSTROFOBIA;;TOCANCIPA;67.500
PSICO-9;TEST DE CLAUSTROFOBIA;;TULUA;50.800
PSICO-9;TEST DE CLAUSTROFOBIA;;TUMACO;52.000
PSICO-9;TEST DE CLAUSTROFOBIA;;TURBO;162.100
PSICO-9;TEST DE CLAUSTROFOBIA;;VALLEDUPAR;65.300
PSICO-9;TEST DE CLAUSTROFOBIA;;VILLAVICENCIO;76.500
PSICO-9;TEST DE CLAUSTROFOBIA;;YOPAL;45.000
RX-1;RADIOGRAFIA DE COLUMNA LUMBOSACRA AP Y LATERAL;;ACACIAS;146.200
RX-1;RADIOGRAFIA DE COLUMNA LUMBOSACRA AP Y LATERAL;;AGUACHICA;89.600
RX-1;RADIOGRAFIA DE COLUMNA LUMBOSACRA AP Y LATERAL;;APARTADO;234.200
RX-1;RADIOGRAFIA DE COLUMNA LUMBOSACRA AP Y LATERAL;;ARAUCA;142.900
RX-1;RADIOGRAFIA DE COLUMNA LUMBOSACRA AP Y LATERAL;;ARMENIA;126.400
RX-1;RADIOGRAFIA DE COLUMNA LUMBOSACRA AP Y LATERAL;;BARBOSA SANTANDER;137.500
RX-1;RADIOGRAFIA DE COLUMNA LUMBOSACRA AP Y LATERAL;;BARRANCABERMEJA;91.400
RX-1;RADIOGRAFIA DE COLUMNA LUMBOSACRA AP Y LATERAL;;BARRANQUILLA II;122.300
RX-1;RADIOGRAFIA DE COLUMNA LUMBOSACRA AP Y LATERAL;;BUCARAMANGA 3;79.200
RX-1;RADIOGRAFIA DE COLUMNA LUMBOSACRA AP Y LATERAL;;BUENAVENTURA;231.600
RX-1;RADIOGRAFIA DE COLUMNA LUMBOSACRA AP Y LATERAL;;BUGA;114.000
RX-1;RADIOGRAFIA DE COLUMNA LUMBOSACRA AP Y LATERAL;;CAJICA;230.100
RX-1;RADIOGRAFIA DE COLUMNA LUMBOSACRA AP Y LATERAL;;CARTAGENA;137.200
RX-1;RADIOGRAFIA DE COLUMNA LUMBOSACRA AP Y LATERAL;;CARTAGO;95.000
RX-1;RADIOGRAFIA DE COLUMNA LUMBOSACRA AP Y LATERAL;;CAUCASIA;200.050
RX-1;RADIOGRAFIA DE COLUMNA LUMBOSACRA AP Y LATERAL;;CHIA;228.000
RX-1;RADIOGRAFIA DE COLUMNA LUMBOSACRA AP Y LATERAL;;CUCUTA;114.800
RX-1;RADIOGRAFIA DE COLUMNA LUMBOSACRA AP Y LATERAL;;DUITAMA;107.000
RX-1;RADIOGRAFIA DE COLUMNA LUMBOSACRA AP Y LATERAL;;ESPINAL;110.700
RX-1;RADIOGRAFIA DE COLUMNA LUMBOSACRA AP Y LATERAL;;FUNZA II;117.350
RX-1;RADIOGRAFIA DE COLUMNA LUMBOSACRA AP Y LATERAL;;IBAGUE;82.700
RX-1;RADIOGRAFIA DE COLUMNA LUMBOSACRA AP Y LATERAL;;IPIALES I;108.000
RX-1;RADIOGRAFIA DE COLUMNA LUMBOSACRA AP Y LATERAL;;LORICA;130.100
RX-1;RADIOGRAFIA DE COLUMNA LUMBOSACRA AP Y LATERAL;;MADRID II;117.350
RX-1;RADIOGRAFIA DE COLUMNA LUMBOSACRA AP Y LATERAL;;MANIZALES 3;122.300
RX-1;RADIOGRAFIA DE COLUMNA LUMBOSACRA AP Y LATERAL;;MONTELIBANO;200.050
RX-1;RADIOGRAFIA DE COLUMNA LUMBOSACRA AP Y LATERAL;;MONTERIA;119.300
RX-1;RADIOGRAFIA DE COLUMNA LUMBOSACRA AP Y LATERAL;;MOSQUERA;117.200
RX-1;RADIOGRAFIA DE COLUMNA LUMBOSACRA AP Y LATERAL;;NEIVA;102.500
RX-1;RADIOGRAFIA DE COLUMNA LUMBOSACRA AP Y LATERAL;;OCAÑA;173.500
RX-1;RADIOGRAFIA DE COLUMNA LUMBOSACRA AP Y LATERAL;;PASTO;87.600
RX-1;RADIOGRAFIA DE COLUMNA LUMBOSACRA AP Y LATERAL;;PEREIRA;101.550
RX-1;RADIOGRAFIA DE COLUMNA LUMBOSACRA AP Y LATERAL;;PITALITO;116.900
RX-1;RADIOGRAFIA DE COLUMNA LUMBOSACRA AP Y LATERAL;;PLANETA RICA;207.800
RX-1;RADIOGRAFIA DE COLUMNA LUMBOSACRA AP Y LATERAL;;POPAYAN;157.200
RX-1;RADIOGRAFIA DE COLUMNA LUMBOSACRA AP Y LATERAL;;PUERTO BERRIO;164.650
RX-1;RADIOGRAFIA DE COLUMNA LUMBOSACRA AP Y LATERAL;;PUERTO CARREÑO;396.000
RX-1;RADIOGRAFIA DE COLUMNA LUMBOSACRA AP Y LATERAL;;PUERTO GAITAN;116.600
RX-1;RADIOGRAFIA DE COLUMNA LUMBOSACRA AP Y LATERAL;;QUIBDO;246.700
RX-1;RADIOGRAFIA DE COLUMNA LUMBOSACRA AP Y LATERAL;;RIOHACHA;127.700
RX-1;RADIOGRAFIA DE COLUMNA LUMBOSACRA AP Y LATERAL;;SAN GIL;105.400
RX-1;RADIOGRAFIA DE COLUMNA LUMBOSACRA AP Y LATERAL;;SANTA MARTA;105.200
RX-1;RADIOGRAFIA DE COLUMNA LUMBOSACRA AP Y LATERAL;;SEGOVIA;218.900
RX-1;RADIOGRAFIA DE COLUMNA LUMBOSACRA AP Y LATERAL;;SINCELEJO;144.100
RX-1;RADIOGRAFIA DE COLUMNA LUMBOSACRA AP Y LATERAL;;SOGAMOSO;122.000
RX-1;RADIOGRAFIA DE COLUMNA LUMBOSACRA AP Y LATERAL;;SOLEDAD;100.100
RX-1;RADIOGRAFIA DE COLUMNA LUMBOSACRA AP Y LATERAL;;TOCANCIPA;145.400
RX-1;RADIOGRAFIA DE COLUMNA LUMBOSACRA AP Y LATERAL;;TULUA;83.700
RX-1;RADIOGRAFIA DE COLUMNA LUMBOSACRA AP Y LATERAL;;TUMACO;144.300
RX-1;RADIOGRAFIA DE COLUMNA LUMBOSACRA AP Y LATERAL;;TUNJA;116.000
RX-1;RADIOGRAFIA DE COLUMNA LUMBOSACRA AP Y LATERAL;;TURBO;237.300
RX-1;RADIOGRAFIA DE COLUMNA LUMBOSACRA AP Y LATERAL;;VALLEDUPAR;73.050
RX-1;RADIOGRAFIA DE COLUMNA LUMBOSACRA AP Y LATERAL;;VILLAVICENCIO;104.550
RX-1;RADIOGRAFIA DE COLUMNA LUMBOSACRA AP Y LATERAL;;YOPAL;127.700
RX-2;RADIOGRAFIA DE TORAX (PA O AP Y LATERAL DECUBITO LATERAL OBLICUAS O LATERAL;;APARTADO;249.350
RX-2;RADIOGRAFIA DE TORAX (PA O AP Y LATERAL DECUBITO LATERAL OBLICUAS O LATERAL;;ARMENIA;120.750
RX-2;RADIOGRAFIA DE TORAX (PA O AP Y LATERAL DECUBITO LATERAL OBLICUAS O LATERAL;;BARRANCABERMEJA;78.350
RX-2;RADIOGRAFIA DE TORAX (PA O AP Y LATERAL DECUBITO LATERAL OBLICUAS O LATERAL;;BARRANQUILLA II;98.600
RX-2;RADIOGRAFIA DE TORAX (PA O AP Y LATERAL DECUBITO LATERAL OBLICUAS O LATERAL;;BUCARAMANGA 3;83.850
RX-2;RADIOGRAFIA DE TORAX (PA O AP Y LATERAL DECUBITO LATERAL OBLICUAS O LATERAL;;BUENAVENTURA;166.500
RX-2;RADIOGRAFIA DE TORAX (PA O AP Y LATERAL DECUBITO LATERAL OBLICUAS O LATERAL;;CAJICA;145.300
RX-2;RADIOGRAFIA DE TORAX (PA O AP Y LATERAL DECUBITO LATERAL OBLICUAS O LATERAL;;CARTAGENA;128.050
RX-2;RADIOGRAFIA DE TORAX (PA O AP Y LATERAL DECUBITO LATERAL OBLICUAS O LATERAL;;CAUCASIA;187.600
RX-2;RADIOGRAFIA DE TORAX (PA O AP Y LATERAL DECUBITO LATERAL OBLICUAS O LATERAL;;CHIA;130.950
RX-2;RADIOGRAFIA DE TORAX (PA O AP Y LATERAL DECUBITO LATERAL OBLICUAS O LATERAL;;CUCUTA;76.350
RX-2;RADIOGRAFIA DE TORAX (PA O AP Y LATERAL DECUBITO LATERAL OBLICUAS O LATERAL;;DUITAMA;99.450
RX-2;RADIOGRAFIA DE TORAX (PA O AP Y LATERAL DECUBITO LATERAL OBLICUAS O LATERAL;;ESPINAL;116.100
RX-2;RADIOGRAFIA DE TORAX (PA O AP Y LATERAL DECUBITO LATERAL OBLICUAS O LATERAL;;IBAGUE;80.050
RX-2;RADIOGRAFIA DE TORAX (PA O AP Y LATERAL DECUBITO LATERAL OBLICUAS O LATERAL;;LORICA;130.100
RX-2;RADIOGRAFIA DE TORAX (PA O AP Y LATERAL DECUBITO LATERAL OBLICUAS O LATERAL;;MONTELIBANO;187.600
RX-2;RADIOGRAFIA DE TORAX (PA O AP Y LATERAL DECUBITO LATERAL OBLICUAS O LATERAL;;MONTERIA;111.650
RX-2;RADIOGRAFIA DE TORAX (PA O AP Y LATERAL DECUBITO LATERAL OBLICUAS O LATERAL;;MOSQUERA;111.750
RX-2;RADIOGRAFIA DE TORAX (PA O AP Y LATERAL DECUBITO LATERAL OBLICUAS O LATERAL;;NEIVA;111.300
RX-2;RADIOGRAFIA DE TORAX (PA O AP Y LATERAL DECUBITO LATERAL OBLICUAS O LATERAL;;PASTO;88.000
RX-2;RADIOGRAFIA DE TORAX (PA O AP Y LATERAL DECUBITO LATERAL OBLICUAS O LATERAL;;PEREIRA;103.500
RX-2;RADIOGRAFIA DE TORAX (PA O AP Y LATERAL DECUBITO LATERAL OBLICUAS O LATERAL;;RIOHACHA;83.100
RX-2;RADIOGRAFIA DE TORAX (PA O AP Y LATERAL DECUBITO LATERAL OBLICUAS O LATERAL;;SEGOVIA;197.800
RX-2;RADIOGRAFIA DE TORAX (PA O AP Y LATERAL DECUBITO LATERAL OBLICUAS O LATERAL;;SINCELEJO;144.100
RX-2;RADIOGRAFIA DE TORAX (PA O AP Y LATERAL DECUBITO LATERAL OBLICUAS O LATERAL;;SOGAMOSO;99.900
RX-2;RADIOGRAFIA DE TORAX (PA O AP Y LATERAL DECUBITO LATERAL OBLICUAS O LATERAL;;SOLEDAD;100.100
RX-2;RADIOGRAFIA DE TORAX (PA O AP Y LATERAL DECUBITO LATERAL OBLICUAS O LATERAL;;TOCANCIPA;67.400
RX-2;RADIOGRAFIA DE TORAX (PA O AP Y LATERAL DECUBITO LATERAL OBLICUAS O LATERAL;;TUNJA;116.000
RX-2;RADIOGRAFIA DE TORAX (PA O AP Y LATERAL DECUBITO LATERAL OBLICUAS O LATERAL;;VALLEDUPAR;69.450
RX-2;RADIOGRAFIA DE TORAX (PA O AP Y LATERAL DECUBITO LATERAL OBLICUAS O LATERAL;;VILLAVICENCIO;99.350
RX-2;RADIOGRAFIA DE TORAX (PA O AP Y LATERAL DECUBITO LATERAL OBLICUAS O LATERAL;;YOPAL;127.550
RX-36;ECOGRAFIA TEJIDOS BLANDOS PARED ABDOMINAL;;BARRANCABERMEJA;184.900
RX-36;ECOGRAFIA TEJIDOS BLANDOS PARED ABDOMINAL;;BARRANQUILLA II;137.300
RX-36;ECOGRAFIA TEJIDOS BLANDOS PARED ABDOMINAL;;BUCARAMANGA 3;68.000
RX-36;ECOGRAFIA TEJIDOS BLANDOS PARED ABDOMINAL;;BUGA;137.100
RX-36;ECOGRAFIA TEJIDOS BLANDOS PARED ABDOMINAL;;CHIA;228.000
RX-36;ECOGRAFIA TEJIDOS BLANDOS PARED ABDOMINAL;;CUCUTA;110.700
RX-36;ECOGRAFIA TEJIDOS BLANDOS PARED ABDOMINAL;;DUITAMA;204.000
RX-36;ECOGRAFIA TEJIDOS BLANDOS PARED ABDOMINAL;;PASTO;106.000
RX-36;ECOGRAFIA TEJIDOS BLANDOS PARED ABDOMINAL;;VILLAVICENCIO;124.000
RX-6;RADIOGRAFIA DE COLUMNA DORSO LUMBAR;;ARMENIA;120.400
RX-6;RADIOGRAFIA DE COLUMNA DORSO LUMBAR;;MONTERIA;121.100
RX-6;RADIOGRAFIA DE COLUMNA DORSO LUMBAR;;NEIVA;119.250
RX-6;RADIOGRAFIA DE COLUMNA DORSO LUMBAR;;PASTO;81.850
TR-1;ESPIROMETRIA OCUPACIONAL;;ACACIAS;36.100
TR-1;ESPIROMETRIA OCUPACIONAL;;AGUACHICA;32.150
TR-1;ESPIROMETRIA OCUPACIONAL;;APARTADO;76.200
TR-1;ESPIROMETRIA OCUPACIONAL;;ARAUCA;48.350
TR-1;ESPIROMETRIA OCUPACIONAL;;ARMENIA;48.350
TR-1;ESPIROMETRIA OCUPACIONAL;;BARRANCABERMEJA;21.800
TR-1;ESPIROMETRIA OCUPACIONAL;;BARRANQUILLA II;23.600
TR-1;ESPIROMETRIA OCUPACIONAL;;BUCARAMANGA 3;24.000
TR-1;ESPIROMETRIA OCUPACIONAL;;BUENAVENTURA;66.400
TR-1;ESPIROMETRIA OCUPACIONAL;;BUGA;33.500
TR-1;ESPIROMETRIA OCUPACIONAL;;CAJICA;29.400
TR-1;ESPIROMETRIA OCUPACIONAL;;CARTAGENA;33.100
TR-1;ESPIROMETRIA OCUPACIONAL;;CARTAGO;39.550
TR-1;ESPIROMETRIA OCUPACIONAL;;CAUCASIA;50.900
TR-1;ESPIROMETRIA OCUPACIONAL;;CHIA;34.450
TR-1;ESPIROMETRIA OCUPACIONAL;;CUCUTA;30.450
TR-1;ESPIROMETRIA OCUPACIONAL;;DUITAMA;34.800
TR-1;ESPIROMETRIA OCUPACIONAL;;ESPINAL;95.400
TR-1;ESPIROMETRIA OCUPACIONAL;;FLORENCIA;50.700
TR-1;ESPIROMETRIA OCUPACIONAL;;FUNZA II;29.700
TR-1;ESPIROMETRIA OCUPACIONAL;;IBAGUE;43.500
TR-1;ESPIROMETRIA OCUPACIONAL;;IPIALES I;60.000
TR-1;ESPIROMETRIA OCUPACIONAL;;LORICA;38.800
TR-1;ESPIROMETRIA OCUPACIONAL;;MADRID II;29.700
TR-1;ESPIROMETRIA OCUPACIONAL;;MANIZALES 3;31.000
TR-1;ESPIROMETRIA OCUPACIONAL;;MONTELIBANO;50.900
TR-1;ESPIROMETRIA OCUPACIONAL;;MONTERIA;38.300
TR-1;ESPIROMETRIA OCUPACIONAL;;MOSQUERA;32.400
TR-1;ESPIROMETRIA OCUPACIONAL;;NEIVA;32.150
TR-1;ESPIROMETRIA OCUPACIONAL;;OCAÑA;43.500
TR-1;ESPIROMETRIA OCUPACIONAL;;PASTO;50.250
TR-1;ESPIROMETRIA OCUPACIONAL;;PEREIRA;39.000
TR-1;ESPIROMETRIA OCUPACIONAL;;PITALITO;43.500
TR-1;ESPIROMETRIA OCUPACIONAL;;PLANETA RICA;51.450
TR-1;ESPIROMETRIA OCUPACIONAL;;POPAYAN;44.500
TR-1;ESPIROMETRIA OCUPACIONAL;;PUERTO ASIS;54.850
TR-1;ESPIROMETRIA OCUPACIONAL;;PUERTO BERRIO;43.000
TR-1;ESPIROMETRIA OCUPACIONAL;;PUERTO GAITAN;22.400
TR-1;ESPIROMETRIA OCUPACIONAL;;PUERTO TEJADA;48.350
TR-1;ESPIROMETRIA OCUPACIONAL;;QUIBDO;61.500
TR-1;ESPIROMETRIA OCUPACIONAL;;RIOHACHA;40.100
TR-1;ESPIROMETRIA OCUPACIONAL;;SAN GIL;24.000
TR-1;ESPIROMETRIA OCUPACIONAL;;SANTA MARTA;28.900
TR-1;ESPIROMETRIA OCUPACIONAL;;SANTAFE DE ANTIOQUIA;71.900
TR-1;ESPIROMETRIA OCUPACIONAL;;SEGOVIA;34.700
TR-1;ESPIROMETRIA OCUPACIONAL;;SINCELEJO;37.950
TR-1;ESPIROMETRIA OCUPACIONAL;;SOACHA;26.950
TR-1;ESPIROMETRIA OCUPACIONAL;;SOGAMOSO;50.700
TR-1;ESPIROMETRIA OCUPACIONAL;;SOLEDAD;19.100
TR-1;ESPIROMETRIA OCUPACIONAL;;TOCANCIPA;26.650
TR-1;ESPIROMETRIA OCUPACIONAL;;TULUA;35.300
TR-1;ESPIROMETRIA OCUPACIONAL;;TUMACO;53.100
TR-1;ESPIROMETRIA OCUPACIONAL;;TUNJA;26.700
TR-1;ESPIROMETRIA OCUPACIONAL;;VALLEDUPAR;32.700
TR-1;ESPIROMETRIA OCUPACIONAL;;VILLAVICENCIO;32.150
TR-1;ESPIROMETRIA OCUPACIONAL;;YOPAL;32.100
VAC-1;VACUNA ANTITETANICA;;ACACIAS;36.100
VAC-1;VACUNA ANTITETANICA;;AGUACHICA;51.200
VAC-1;VACUNA ANTITETANICA;;APARTADO;93.900
VAC-1;VACUNA ANTITETANICA;;ARMENIA;39.200
VAC-1;VACUNA ANTITETANICA;;BARRANCABERMEJA;31.800
VAC-1;VACUNA ANTITETANICA;;BARRANQUILLA II;54.400
VAC-1;VACUNA ANTITETANICA;;BUCARAMANGA 3;42.950
VAC-1;VACUNA ANTITETANICA;;BUGA;56.000
VAC-1;VACUNA ANTITETANICA;;CAJICA;46.400
VAC-1;VACUNA ANTITETANICA;;CARTAGENA;54.400
VAC-1;VACUNA ANTITETANICA;;CARTAGO;23.350
VAC-1;VACUNA ANTITETANICA;;CAUCASIA;34.250
VAC-1;VACUNA ANTITETANICA;;CHIA;42.300
VAC-1;VACUNA ANTITETANICA;;CUCUTA;41.300
VAC-1;VACUNA ANTITETANICA;;DUITAMA;40.000
VAC-1;VACUNA ANTITETANICA;;ESPINAL;48.200
VAC-1;VACUNA ANTITETANICA;;FLORENCIA;45.400
VAC-1;VACUNA ANTITETANICA;;FUNZA II;36.000
VAC-1;VACUNA ANTITETANICA;;GIRARDOT;35.300
VAC-1;VACUNA ANTITETANICA;;IBAGUE;35.100
VAC-1;VACUNA ANTITETANICA;;IPIALES I;37.300
VAC-1;VACUNA ANTITETANICA;;MADRID II;36.000
VAC-1;VACUNA ANTITETANICA;;MANIZALES 3;28.750
VAC-1;VACUNA ANTITETANICA;;MONTELIBANO;34.250
VAC-1;VACUNA ANTITETANICA;;MONTERIA;49.950
VAC-1;VACUNA ANTITETANICA;;MOSQUERA;37.000
VAC-1;VACUNA ANTITETANICA;;NEIVA;47.400
VAC-1;VACUNA ANTITETANICA;;PASTO;32.650
VAC-1;VACUNA ANTITETANICA;;PEREIRA;40.900
VAC-1;VACUNA ANTITETANICA;;PITALITO;39.550
VAC-1;VACUNA ANTITETANICA;;POPAYAN;32.700
VAC-1;VACUNA ANTITETANICA;;PUERTO ASIS;59.150
VAC-1;VACUNA ANTITETANICA;;PUERTO BERRIO;32.000
VAC-1;VACUNA ANTITETANICA;;PUERTO CARREÑO;67.250
VAC-1;VACUNA ANTITETANICA;;PUERTO GAITAN;28.000
VAC-1;VACUNA ANTITETANICA;;PUERTO TEJADA;33.200
VAC-1;VACUNA ANTITETANICA;;QUIBDO;31.000
VAC-1;VACUNA ANTITETANICA;;RIOHACHA;129.500
VAC-1;VACUNA ANTITETANICA;;SAN GIL;50.150
VAC-1;VACUNA ANTITETANICA;;SANTA MARTA;57.150
VAC-1;VACUNA ANTITETANICA;;SINCELEJO;34.150
VAC-1;VACUNA ANTITETANICA;;SOACHA;43.900
VAC-1;VACUNA ANTITETANICA;;TOCANCIPA;67.100
VAC-1;VACUNA ANTITETANICA;;TULUA;33.000
VAC-1;VACUNA ANTITETANICA;;TUNJA;54.700
VAC-1;VACUNA ANTITETANICA;;VILLAVICENCIO;37.950
VAC-1;VACUNA ANTITETANICA;;YOPAL;46.000
VAC-2;VACUNA HEPATITIS B;;ACACIAS;280.600
VAC-2;VACUNA HEPATITIS B;;APARTADO;144.000
VAC-2;VACUNA HEPATITIS B;;ARMENIA;65.200
VAC-2;VACUNA HEPATITIS B;;BARRANCABERMEJA;65.700
VAC-2;VACUNA HEPATITIS B;;BARRANQUILLA II;89.600
VAC-2;VACUNA HEPATITIS B;;BUCARAMANGA 3;70.700
VAC-2;VACUNA HEPATITIS B;;BUENAVENTURA;128.700
VAC-2;VACUNA HEPATITIS B;;BUGA;88.100
VAC-2;VACUNA HEPATITIS B;;CAJICA;124.000
VAC-2;VACUNA HEPATITIS B;;CARTAGENA;94.000
VAC-2;VACUNA HEPATITIS B;;CARTAGO;57.300
VAC-2;VACUNA HEPATITIS B;;CAUCASIA;76.350
VAC-2;VACUNA HEPATITIS B;;CHIA;172.000
VAC-2;VACUNA HEPATITIS B;;CUCUTA;76.350
VAC-2;VACUNA HEPATITIS B;;DUITAMA;92.050
VAC-2;VACUNA HEPATITIS B;;GIRARDOT;57.300
VAC-2;VACUNA HEPATITIS B;;IBAGUE;81.850
VAC-2;VACUNA HEPATITIS B;;MANIZALES 3;76.450
VAC-2;VACUNA HEPATITIS B;;MONTERIA;93.200
VAC-2;VACUNA HEPATITIS B;;MOSQUERA;75.700
VAC-2;VACUNA HEPATITIS B;;NEIVA;77.200
VAC-2;VACUNA HEPATITIS B;;PASTO;81.850
VAC-2;VACUNA HEPATITIS B;;PEREIRA;91.200
VAC-2;VACUNA HEPATITIS B;;PITALITO;69.300
VAC-2;VACUNA HEPATITIS B;;POPAYAN;75.900
VAC-2;VACUNA HEPATITIS B;;QUIBDO;89.300
VAC-2;VACUNA HEPATITIS B;;SINCELEJO;96.200
VAC-2;VACUNA HEPATITIS B;;TULUA;69.000
VAC-2;VACUNA HEPATITIS B;;TUNJA;90.700
VAC-2;VACUNA HEPATITIS B;;VILLAVICENCIO;76.450
VAC-2;VACUNA HEPATITIS B;;YOPAL;99.300
VAC-3;VACUNA FIEBRE AMARILLA;;ACACIAS;165.400
VAC-3;VACUNA FIEBRE AMARILLA;;ARMENIA;149.500
VAC-3;VACUNA FIEBRE AMARILLA;;BARRANCABERMEJA;197.400
VAC-3;VACUNA FIEBRE AMARILLA;;BARRANQUILLA II;164.000
VAC-3;VACUNA FIEBRE AMARILLA;;BUCARAMANGA 3;217.300
VAC-3;VACUNA FIEBRE AMARILLA;;CARTAGENA;172.500
VAC-3;VACUNA FIEBRE AMARILLA;;CARTAGO;117.250
VAC-3;VACUNA FIEBRE AMARILLA;;CHIA;193.000
VAC-3;VACUNA FIEBRE AMARILLA;;DUITAMA;144.000
VAC-3;VACUNA FIEBRE AMARILLA;;MONTERIA;193.100
VAC-3;VACUNA FIEBRE AMARILLA;;NEIVA;181.300
VAC-3;VACUNA FIEBRE AMARILLA;;PEREIRA;202.600
VAC-3;VACUNA FIEBRE AMARILLA;;PITALITO;20.000
VAC-3;VACUNA FIEBRE AMARILLA;;POPAYAN;173.500
VAC-3;VACUNA FIEBRE AMARILLA;;PUERTO GAITAN;149.050
VAC-3;VACUNA FIEBRE AMARILLA;;SINCELEJO;173.100
VAC-5;VACUNA HEPATITIS A;;CAJICA;257.300
VAC-5;VACUNA HEPATITIS A;;CARTAGENA;296.800
VAC-5;VACUNA HEPATITIS A;;CHIA;264.400
VAC-5;VACUNA HEPATITIS A;;CHIA;264.400
VAC-5;VACUNA HEPATITIS A;;CUCUTA;256.000
VAC-5;VACUNA HEPATITIS A;;NEIVA;233.350
VAC-5;VACUNA HEPATITIS A;;PASTO;230.900
VAC-5;VACUNA HEPATITIS A;;PEREIRA;231.300
VAC-5;VACUNA HEPATITIS A;;PITALITO;270.700
VAC-5;VACUNA HEPATITIS A;;POPAYAN;262.800
VAC-6;VACUNA INFLUENZA;;ACACIAS;110.800
VAC-6;VACUNA INFLUENZA;;CARTAGENA;144.400
VAC-6;VACUNA INFLUENZA;;CARTAGO;81.750
